FileName;LOC;Complexity;Depth;Children;Response;Cohesion;Coupling;LambdaCount;LambdaLines;AverageLambdaLines;MaxLambdaLines;LambdaScore;LambdaComplexity;LambdaFieldVariable;HigherOrderFieldVariable;LambdaSideEffect;HigherOrderSideEffect;StreamsCount;TotalStreamOperations;AverageStreamOperations;MaxStreamOperations;ParadigmScore;ParadigmAlternativeScore;PatternMatching;Instanceof;MethodSideEffect;MethodFieldVariable;MethodImpure;MethodRatioSideEffect;MethodRatioFieldVariable;MethodRatioImpure;FieldVariableNonFinal;FieldVariableRatioNonFinal;ComplexLambda;UsesFP
src\main\java\examples\BufferExamples.java;43;2;1;0;25;36;2;0;0;0.0;0;0.0;0;0;0;0;0;0;0;0.0;0;-1.0;0.0;0;0;0;0;0;0.0;0.0;0.0;0;0.0;0;0
src\main\java\examples\CompletionStageInteropExamples.java;35;2;1;0;17;3;3;4;19;4.75;8;0.5428571428571428;5;0;0;0;0;0;0;0.0;0;1.0;1.0;0;0;0;0;0;0.0;0.0;0.0;0;0.0;1;1
src\main\java\examples\ConfigurableVerticleExamples.java;8;1;2;0;4;0;2;0;0;0.0;0;0.0;0;0;0;0;0;0;0;0.0;0;0.0;0.0;0;0;0;0;0;0.0;0.0;0.0;0;0.0;0;0
src\main\java\examples\CoreExamples.java;350;13;1;0;152;1324;27;28;128;4.571428571428571;8;0.3657142857142857;37;2;2;0;0;0;0;0.0;0;1.0;1.0;0;0;0;2;2;0.0;0.037037037037037035;0.037037037037037035;1;1.0;9;1
src\main\java\examples\DatagramExamples.java;68;2;1;0;21;21;5;13;33;2.5384615384615383;13;0.4852941176470588;14;0;0;0;0;0;0;0.0;0;0.0;0.0;0;0;0;0;0;0.0;0.0;0.0;0;0.0;1;1
src\main\java\examples\DNSExamples.java;222;22;1;0;53;171;8;13;122;9.384615384615385;15;0.5495495495495496;34;0;0;0;0;0;0;0.0;0;-1.0;0.0;0;1;0;0;0;0.0;0.0;0.0;0;0.0;13;1
src\main\java\examples\EventBusExamples.java;134;7;1;0;47;105;11;9;56;6.222222222222222;9;0.417910447761194;15;0;0;0;0;0;0;0.0;0;0.0;0.0;0;0;0;0;0;0.0;0.0;0.0;0;0.0;6;1
src\main\java\examples\FileSystemExamples.java;138;15;1;0;33;21;7;14;114;8.142857142857142;20;0.8260869565217391;30;0;0;0;0;0;0;0.0;0;-1.0;0.0;0;0;0;0;0;0.0;0.0;0.0;0;0.0;12;1
src\main\java\examples\HTTP2Examples.java;188;6;1;0;93;435;20;18;104;5.777777777777778;22;0.5531914893617021;22;0;0;0;0;0;0;0.0;0;-1.0;0.0;0;2;0;0;0;0.0;0.0;0.0;0;0.0;4;1
src\main\java\examples\HTTPExamples.java;1087;56;1;0;322;6784;42;122;869;7.122950819672131;23;0.7994480220791168;195;2;2;0;0;0;0;0.0;0;-0.38461538461538464;0.3076923076923077;0;0;2;4;4;0.01652892561983471;0.03305785123966942;0.03305785123966942;2;0.6666666666666666;52;1
src\main\java\examples\JsonExamples.java;64;4;1;0;23;45;5;1;4;4.0;4;0.0625;1;0;0;0;0;0;0;0.0;0;1.0;1.0;0;3;0;0;0;0.0;0.0;0.0;0;0.0;0;1
src\main\java\examples\JsonPointerExamples.java;19;1;1;0;7;1;1;0;0;0.0;0;0.0;0;0;0;0;0;0;0;0.0;0;1.0;1.0;0;0;0;0;0;0.0;0.0;0.0;0;0.0;0;0
src\main\java\examples\NetExamples.java;622;7;1;0;178;2278;25;20;88;4.4;8;0.1414790996784566;26;0;0;0;0;0;0;0.0;0;-1.0;0.0;0;0;1;2;2;0.014492753623188406;0.028985507246376812;0.028985507246376812;1;1.0;6;1
src\main\java\examples\package-info.java;3;1;1;0;0;0;0;0;0;0.0;0;0.0;0;0;0;0;0;0;0;0.0;0;0.0;0.0;0;0;0;0;0;0.0;0.0;0.0;0;0.0;0;0
src\main\java\examples\ParseToolsExamples.java;121;17;1;0;25;36;5;8;98;12.25;30;0.8099173553719008;24;0;0;0;0;0;0;0.0;0;0.0;0.0;0;0;0;0;0;0.0;0.0;0.0;2;1.0;4;1
src\main\java\examples\SharedDataExamples.java;126;10;1;0;33;66;8;12;88;7.333333333333333;13;0.6984126984126984;21;0;0;0;0;0;0;0.0;0;-1.0;0.0;0;0;0;0;0;0.0;0.0;0.0;0;0.0;9;1
src\main\java\examples\StreamsExamples.java;128;7;1;0;42;45;14;18;152;8.444444444444445;22;1.1875;30;0;0;0;0;0;0;0.0;0;0.0;0.0;0;0;0;0;0;0.0;0.0;0.0;0;0.0;12;1
src\main\java\examples\VirtualThreadExamples.java;85;2;1;0;33;51;12;2;29;14.5;19;0.3411764705882353;4;1;1;0;0;0;0;0.0;0;-1.0;0.0;0;0;3;6;6;0.23076923076923078;0.46153846153846156;0.46153846153846156;2;1.0;2;1
src\main\java\io\vertx\core\AbstractVerticle.java;41;1;1;2;13;34;4;0;0;0.0;0;0.0;0;0;0;0;0;0;0;0.0;0;0.0;0.5;0;0;0;3;3;0.0;0.3333333333333333;0.3333333333333333;2;1.0;0;0
src\main\java\io\vertx\core\AsyncResult.java;76;7;0;1;19;45;37;3;3;1.0;1;0.039473684210526314;3;0;0;0;0;0;0;0.0;0;1.0;1.0;0;0;0;0;0;0.0;0.0;0.0;0;0.0;0;1
src\main\java\io\vertx\core\buffer\Buffer.java;190;1;1;1;95;4371;70;0;0;0.0;0;0.0;0;0;0;0;0;0;0;0.0;0;1.0;1.0;0;0;0;0;0;0.0;0.0;0.0;0;0.0;0;0
src\main\java\io\vertx\core\buffer\impl\BufferImpl.java;491;13;3;0;110;0;3;0;0;0.0;0;0.0;0;0;0;0;0;0;0;0.0;0;-0.5;0.25;0;0;1;85;85;0.010101010101010102;0.8585858585858586;0.8585858585858586;1;1.0;0;0
src\main\java\io\vertx\core\buffer\impl\BufferInternal.java;131;1;2;1;59;1711;14;0;0;0.0;0;0.0;0;0;0;0;0;0;0;0.0;0;0.0;0.0;0;0;0;0;0;0.0;0.0;0.0;0;0.0;0;0
src\main\java\io\vertx\core\buffer\impl\PartialPooledByteBufAllocator.java;86;1;1;0;20;190;4;0;0;0.0;0;0.0;0;0;0;0;0;0;0;0.0;0;0.0;0.0;0;0;0;0;0;0.0;0.0;0.0;0;0.0;0;0
src\main\java\io\vertx\core\buffer\impl\VertxByteBufAllocator.java;32;2;0;0;4;1;5;0;0;0.0;0;0.0;0;0;0;0;0;0;0;0.0;0;0.0;0.0;0;0;0;0;0;0.0;0.0;0.0;0;0.0;0;0
src\main\java\io\vertx\core\buffer\impl\VertxHeapByteBuf.java;41;2;0;0;7;21;0;0;0;0.0;0;0.0;0;0;0;0;0;0;0;0.0;0;0.0;0.0;0;0;0;0;0;0.0;0.0;0.0;0;0.0;0;0
src\main\java\io\vertx\core\buffer\impl\VertxUnsafeHeapByteBuf.java;41;2;0;0;7;21;0;0;0;0.0;0;0.0;0;0;0;0;0;0;0;0.0;0;0.0;0.0;0;0;0;0;0;0.0;0.0;0.0;0;0.0;0;0
src\main\java\io\vertx\core\buffer\package-info.java;1;1;1;0;0;0;0;0;0;0.0;0;0.0;0;0;0;0;0;0;0;0.0;0;0.0;0.0;0;0;0;0;0;0.0;0.0;0.0;0;0.0;0;0
src\main\java\io\vertx\core\Closeable.java;4;1;0;12;1;0;5;0;0;0.0;0;0.0;0;0;0;0;0;0;0;0.0;0;0.0;0.0;0;0;0;0;0;0.0;0.0;0.0;0;0.0;0;0
src\main\java\io\vertx\core\CompositeFuture.java;43;3;2;1;14;55;3;0;0;0.0;0;0.0;0;0;0;0;0;0;0;0.0;0;0.2;0.6;0;0;0;0;0;0.0;0.0;0.0;0;0.0;0;0
src\main\java\io\vertx\core\Context.java;53;3;0;1;25;231;11;0;0;0.0;0;0.0;0;0;0;0;0;0;0;0.0;0;1.0;1.0;0;3;0;0;0;0.0;0.0;0.0;0;0.0;0;0
src\main\java\io\vertx\core\datagram\DatagramPacket.java;9;1;0;1;2;1;1;0;0;0.0;0;0.0;0;0;0;0;0;0;0;0.0;0;0.0;0.0;0;0;0;0;0;0.0;0.0;0.0;0;0.0;0;0
src\main\java\io\vertx\core\datagram\DatagramSocket.java;29;1;1;1;15;105;1;0;0;0.0;0;0.0;0;0;0;0;0;0;0;0.0;0;1.0;1.0;0;0;0;0;0;0.0;0.0;0.0;0;0.0;0;0
src\main\java\io\vertx\core\datagram\DatagramSocketOptions.java;127;1;2;0;31;200;4;0;0;0.0;0;0.0;0;0;0;0;0;0;0;0.0;0;-0.6666666666666666;0.16666666666666666;0;0;1;6;6;0.047619047619047616;0.2857142857142857;0.2857142857142857;5;0.45454545454545453;0;0
src\main\java\io\vertx\core\datagram\impl\DatagramPacketImpl.java;26;2;1;0;3;1;1;0;0;0.0;0;0.0;0;0;0;0;0;0;0;0.0;0;-1.0;0.0;0;0;1;1;1;0.5;0.5;0.5;1;0.3333333333333333;0;0
src\main\java\io\vertx\core\datagram\impl\DatagramSocketImpl.java;352;34;2;0;66;81;19;4;40;10.0;15;0.11363636363636363;12;2;2;0;0;0;0;0.0;0;-0.6774193548387096;0.16129032258064516;0;1;1;15;15;0.03571428571428571;0.5357142857142857;0.5357142857142857;3;0.5;4;1
src\main\java\io\vertx\core\datagram\impl\InternetProtocolFamily.java;5;1;1;0;0;0;0;0;0;0.0;0;0.0;0;0;0;0;0;0;0;0.0;0;0.0;0.0;0;0;0;0;0;0.0;0.0;0.0;0;0.0;0;0
src\main\java\io\vertx\core\datagram\impl\PacketWriteStreamImpl.java;53;3;2;0;15;17;5;0;0;0.0;0;0.0;0;0;0;0;0;0;0;0.0;0;-0.3333333333333333;0.3333333333333333;0;0;1;4;4;0.14285714285714285;0.5714285714285714;0.5714285714285714;2;0.5;0;0
src\main\java\io\vertx\core\datagram\package-info.java;1;1;1;0;0;0;0;0;0;0.0;0;0.0;0;0;0;0;0;0;0;0.0;0;0.0;0.0;0;0;0;0;0;0.0;0.0;0.0;0;0.0;0;0
src\main\java\io\vertx\core\DeploymentOptions.java;121;4;1;0;21;190;11;0;0;0.0;0;0.0;0;0;0;0;0;0;0;0.0;0;-0.6551724137931034;0.1724137931034483;0;0;0;9;9;0.0;0.45;0.45;9;0.6923076923076923;0;0
src\main\java\io\vertx\core\dns\AddressResolverOptions.java;221;13;1;0;35;524;6;0;0;0.0;0;0.0;0;0;0;0;0;0;0;0.0;0;-0.9565217391304348;0.021739130434782608;0;0;2;17;17;0.06060606060606061;0.5151515151515151;0.5151515151515151;15;0.5357142857142857;0;0
src\main\java\io\vertx\core\dns\DnsClient.java;50;5;0;1;20;78;3;0;0;0.0;0;0.0;0;0;0;0;0;0;0;0.0;0;-1.0;0.0;0;1;0;0;0;0.0;0.0;0.0;0;0.0;0;0
src\main\java\io\vertx\core\dns\DnsClientOptions.java;88;4;1;0;13;78;3;0;0;0.0;0;0.0;0;0;0;0;0;0;0;0.0;0;-0.8461538461538461;0.07692307692307693;0;0;0;6;6;0.0;0.46153846153846156;0.46153846153846156;6;0.5;0;0
src\main\java\io\vertx\core\dns\DnsException.java;15;1;3;0;2;0;1;0;0;0.0;0;0.0;0;0;0;0;0;0;0;0.0;0;0.0;0.5;0;0;0;1;1;0.0;1.0;1.0;1;0.5;0;0
src\main\java\io\vertx\core\dns\DnsResponseCode.java;42;3;1;0;5;0;0;0;0;0.0;0;0.0;0;0;0;0;0;0;0;0.0;0;-0.5;0.25;0;0;0;0;0;0.0;0.0;0.0;0;0.0;0;0
src\main\java\io\vertx\core\dns\impl\DefaultAddressResolverProvider.java;17;1;1;0;3;1;1;0;0;0.0;0;0.0;0;0;0;0;0;0;0;0.0;0;0.0;0.0;0;0;0;0;0;0.0;0.0;0.0;0;0.0;0;0
src\main\java\io\vertx\core\dns\impl\DnsAddressResolverProvider.java;250;34;1;0;61;44;10;4;9;2.25;6;0.036;5;0;0;0;0;0;0;0.0;0;-1.0;0.0;0;0;1;2;2;0.06666666666666667;0.13333333333333333;0.13333333333333333;2;0.13333333333333333;1;1
src\main\java\io\vertx\core\dns\impl\DnsClientImpl.java;232;28;1;0;43;85;7;6;62;10.333333333333334;29;0.2672413793103448;20;0;0;0;0;0;0;0.0;0;-0.35714285714285715;0.32142857142857145;0;0;1;2;2;0.06666666666666667;0.13333333333333333;0.13333333333333333;1;0.1;6;1
src\main\java\io\vertx\core\dns\impl\MxRecordImpl.java;31;1;1;0;8;10;1;0;0;0.0;0;0.0;0;0;0;0;0;0;0;0.0;0;-1.0;0.0;0;0;0;0;0;0.0;0.0;0.0;0;0.0;0;0
src\main\java\io\vertx\core\dns\impl\RecordDecoder.java;183;23;1;0;15;6;3;6;90;15.0;20;0.4918032786885246;16;0;0;0;0;0;0;0.0;0;-1.0;0.0;0;1;0;0;0;0.0;0.0;0.0;7;0.7777777777777778;6;1
src\main\java\io\vertx\core\dns\impl\SrvRecordImpl.java;63;1;1;0;13;31;1;0;0;0.0;0;0.0;0;0;0;0;0;0;0;0.0;0;-1.0;0.0;0;0;0;0;0;0.0;0.0;0.0;0;0.0;0;0
src\main\java\io\vertx\core\dns\impl\StartOfAuthorityRecord.java;41;1;1;0;7;21;0;0;0;0.0;0;0.0;0;0;0;0;0;0;0;0.0;0;-1.0;0.0;0;0;0;0;0;0.0;0.0;0.0;0;0.0;0;0
src\main\java\io\vertx\core\dns\MxRecord.java;8;1;0;1;3;3;2;0;0;0.0;0;0.0;0;0;0;0;0;0;0;0.0;0;0.0;0.0;0;0;0;0;0;0.0;0.0;0.0;0;0.0;0;0
src\main\java\io\vertx\core\dns\package-info.java;1;1;1;0;0;0;0;0;0;0.0;0;0.0;0;0;0;0;0;0;0;0.0;0;0.0;0.0;0;0;0;0;0;0.0;0.0;0.0;0;0.0;0;0
src\main\java\io\vertx\core\dns\SrvRecord.java;15;1;0;1;8;28;2;0;0;0.0;0;0.0;0;0;0;0;0;0;0;0.0;0;0.0;0.0;0;0;0;0;0;0.0;0.0;0.0;0;0.0;0;0
src\main\java\io\vertx\core\eventbus\AddressHelper.java;31;7;1;0;8;0;1;0;0;0.0;0;0.0;0;0;0;0;0;0;0;0.0;0;-1.0;0.0;0;1;0;0;0;0.0;0.0;0.0;0;0.0;0;0
src\main\java\io\vertx\core\eventbus\DeliveryContext.java;9;1;0;1;4;6;0;0;0;0.0;0;0.0;0;0;0;0;0;0;0;0.0;0;0.0;0.0;0;0;0;0;0;0.0;0.0;0.0;0;0.0;0;0
src\main\java\io\vertx\core\eventbus\DeliveryOptions.java;113;10;1;0;32;58;10;1;1;1.0;1;0.008849557522123894;1;0;0;0;0;0;0;0.0;0;-0.7;0.15;0;1;1;8;8;0.07692307692307693;0.6153846153846154;0.6153846153846154;5;0.625;0;1
src\main\java\io\vertx\core\eventbus\EventBus.java;63;1;1;1;25;300;4;0;0;0.0;0;0.0;0;0;0;0;0;0;0;0.0;0;1.0;1.0;0;0;0;0;0;0.0;0.0;0.0;0;0.0;0;0
src\main\java\io\vertx\core\eventbus\EventBusOptions.java;326;10;3;0;95;1653;6;0;0;0.0;0;0.0;0;0;0;0;0;0;0;0.0;0;-0.7435897435897436;0.1282051282051282;0;0;0;13;13;0.0;0.22413793103448276;0.22413793103448276;13;0.52;0;0
src\main\java\io\vertx\core\eventbus\impl\BodyReadStream.java;44;2;2;0;14;0;3;1;1;1.0;1;0.022727272727272728;1;0;0;0;0;0;0;0.0;0;0.7142857142857143;0.8571428571428571;0;0;0;6;6;0.0;1.0;1.0;1;1.0;0;1
src\main\java\io\vertx\core\eventbus\impl\clustered\ClusteredEventBus.java;320;33;4;0;113;253;32;8;86;10.75;31;0.26875;18;5;5;3;3;0;0;0.0;0;-0.37142857142857144;0.3142857142857143;0;0;2;8;8;0.07407407407407407;0.2962962962962963;0.2962962962962963;4;0.3076923076923077;6;1
src\main\java\io\vertx\core\eventbus\impl\clustered\ClusteredHandlerHolder.java;15;1;2;0;1;0;0;0;0;0.0;0;0.0;0;0;0;0;0;0;0;0.0;0;-1.0;0.0;0;0;0;0;0;0.0;0.0;0.0;0;0.0;0;0
src\main\java\io\vertx\core\eventbus\impl\clustered\ClusteredMessage.java;231;21;2;0;46;132;11;0;0;0.0;0;0.0;0;0;0;0;0;0;0;0.0;0;-0.9166666666666666;0.041666666666666664;0;0;6;17;17;0.3;0.85;0.85;8;0.8;0;0
src\main\java\io\vertx\core\eventbus\impl\clustered\ConnectionHolder.java;136;16;1;0;44;0;20;7;35;5.0;12;0.25735294117647056;8;2;2;1;1;0;0;0.0;0;-0.7647058823529411;0.11764705882352941;0;0;3;4;4;0.5;0.6666666666666666;0.6666666666666666;5;0.38461538461538464;1;1
src\main\java\io\vertx\core\eventbus\impl\clustered\Serializer.java;126;12;1;0;36;0;6;2;11;5.5;6;0.0873015873015873;3;0;0;0;0;0;0;0.0;0;-0.7777777777777778;0.1111111111111111;0;0;2;3;3;0.2222222222222222;0.3333333333333333;0.3333333333333333;2;0.2222222222222222;1;1
src\main\java\io\vertx\core\eventbus\impl\CodecManager.java;167;33;1;0;25;67;7;2;2;1.0;1;0.011976047904191617;2;0;0;0;0;0;0;0.0;0;-0.8064516129032258;0.0967741935483871;0;16;0;3;3;0.0;0.21428571428571427;0.21428571428571427;3;0.125;0;1
src\main\java\io\vertx\core\eventbus\impl\codecs\BooleanMessageCodec.java;25;2;1;0;7;10;1;0;0;0.0;0;0.0;0;0;0;0;0;0;0;0.0;0;1.0;1.0;0;0;0;0;0;0.0;0.0;0.0;0;0.0;0;0
src\main\java\io\vertx\core\eventbus\impl\codecs\BufferMessageCodec.java;28;1;1;0;11;10;1;0;0;0.0;0;0.0;0;0;0;0;0;0;0;0.0;0;-1.0;0.0;0;0;0;0;0;0.0;0.0;0.0;0;0.0;0;0
src\main\java\io\vertx\core\eventbus\impl\codecs\ByteArrayMessageCodec.java;30;1;1;0;10;10;1;0;0;0.0;0;0.0;0;0;0;0;0;0;0;0.0;0;-1.0;0.0;0;0;0;0;0;0.0;0.0;0.0;0;0.0;0;0
src\main\java\io\vertx\core\eventbus\impl\codecs\ByteMessageCodec.java;25;1;1;0;7;10;1;0;0;0.0;0;0.0;0;0;0;0;0;0;0;0.0;0;1.0;1.0;0;0;0;0;0;0.0;0.0;0.0;0;0.0;0;0
src\main\java\io\vertx\core\eventbus\impl\codecs\CharMessageCodec.java;25;1;1;0;8;10;1;0;0;0.0;0;0.0;0;0;0;0;0;0;0;0.0;0;1.0;1.0;0;0;0;0;0;0.0;0.0;0.0;0;0.0;0;0
src\main\java\io\vertx\core\eventbus\impl\codecs\ClusterSerializableCodec.java;55;4;1;0;22;15;4;0;0;0.0;0;0.0;0;0;0;0;0;0;0;0.0;0;-0.6;0.2;0;0;0;0;0;0.0;0.0;0.0;0;0.0;0;0
src\main\java\io\vertx\core\eventbus\impl\codecs\DoubleMessageCodec.java;25;1;1;0;7;10;1;0;0;0.0;0;0.0;0;0;0;0;0;0;0;0.0;0;0.0;0.0;0;0;0;0;0;0.0;0.0;0.0;0;0.0;0;0
src\main\java\io\vertx\core\eventbus\impl\codecs\FloatMessageCodec.java;25;1;1;0;7;10;1;0;0;0.0;0;0.0;0;0;0;0;0;0;0;0.0;0;0.0;0.0;0;0;0;0;0;0.0;0.0;0.0;0;0.0;0;0
src\main\java\io\vertx\core\eventbus\impl\codecs\IntMessageCodec.java;25;1;1;0;7;10;1;0;0;0.0;0;0.0;0;0;0;0;0;0;0;0.0;0;0.0;0.0;0;0;0;0;0;0.0;0.0;0.0;0;0.0;0;0
src\main\java\io\vertx\core\eventbus\impl\codecs\JsonArrayMessageCodec.java;30;1;1;0;12;10;2;0;0;0.0;0;0.0;0;0;0;0;0;0;0;0.0;0;0.5;0.75;0;0;0;0;0;0.0;0.0;0.0;0;0.0;0;0
src\main\java\io\vertx\core\eventbus\impl\codecs\JsonObjectMessageCodec.java;30;1;1;0;12;10;2;0;0;0.0;0;0.0;0;0;0;0;0;0;0;0.0;0;0.5;0.75;0;0;0;0;0;0.0;0.0;0.0;0;0.0;0;0
src\main\java\io\vertx\core\eventbus\impl\codecs\LongMessageCodec.java;25;1;1;0;7;10;1;0;0;0.0;0;0.0;0;0;0;0;0;0;0;0.0;0;0.0;0.0;0;0;0;0;0;0.0;0.0;0.0;0;0.0;0;0
src\main\java\io\vertx\core\eventbus\impl\codecs\NullMessageCodec.java;24;1;1;0;5;10;0;0;0;0.0;0;0.0;0;0;0;0;0;0;0;0.0;0;0.0;0.0;0;0;0;0;0;0.0;0.0;0.0;0;0.0;0;0
src\main\java\io\vertx\core\eventbus\impl\codecs\PingMessageCodec.java;24;1;1;0;5;10;0;0;0;0.0;0;0.0;0;0;0;0;0;0;0;0.0;0;0.0;0.0;0;0;0;0;0;0.0;0.0;0.0;0;0.0;0;0
src\main\java\io\vertx\core\eventbus\impl\codecs\ReplyExceptionMessageCodec.java;53;3;1;0;16;10;3;0;0;0.0;0;0.0;0;0;0;0;0;0;0;0.0;0;-1.0;0.0;0;0;0;0;0;0.0;0.0;0.0;0;0.0;0;0
src\main\java\io\vertx\core\eventbus\impl\codecs\SerializableCodec.java;51;2;1;0;15;10;3;0;0;0.0;0;0.0;0;0;0;0;0;0;0;0.0;0;-0.3333333333333333;0.3333333333333333;0;0;0;0;0;0.0;0.0;0.0;0;0.0;0;0
src\main\java\io\vertx\core\eventbus\impl\codecs\ShortMessageCodec.java;25;1;1;0;7;10;1;0;0;0.0;0;0.0;0;0;0;0;0;0;0;0.0;0;1.0;1.0;0;0;0;0;0;0.0;0.0;0.0;0;0.0;0;0
src\main\java\io\vertx\core\eventbus\impl\codecs\StringMessageCodec.java;31;1;1;0;9;10;1;0;0;0.0;0;0.0;0;0;0;0;0;0;0;0.0;0;-1.0;0.0;0;0;0;0;0;0.0;0.0;0.0;0;0.0;0;0
src\main\java\io\vertx\core\eventbus\impl\DefaultSerializableChecker.java;21;1;1;0;6;0;0;0;0;0.0;0;0.0;0;0;0;0;0;0;0;0.0;0;0.0;0.5;0;0;0;0;0;0.0;0.0;0.0;0;0.0;0;0
src\main\java\io\vertx\core\eventbus\impl\DeliveryContextBase.java;61;7;1;2;8;4;4;0;0;0.0;0;0.0;0;0;0;0;0;0;0;0.0;0;-1.0;0.0;0;0;1;2;2;0.25;0.5;0.5;3;0.5;0;0
src\main\java\io\vertx\core\eventbus\impl\EventBusImpl.java;418;39;3;1;122;1297;22;5;24;4.8;7;0.05741626794258373;9;0;0;0;0;0;0;0.0;0;0.2972972972972973;0.6486486486486487;0;1;1;5;5;0.01818181818181818;0.09090909090909091;0.09090909090909091;3;0.3;3;1
src\main\java\io\vertx\core\eventbus\impl\EventBusInternal.java;7;1;2;1;2;1;1;0;0;0.0;0;0.0;0;0;0;0;0;0;0;0.0;0;0.0;0.0;0;0;0;0;0;0.0;0.0;0.0;0;0.0;0;0
src\main\java\io\vertx\core\eventbus\impl\HandlerHolder.java;50;5;1;1;11;20;2;0;0;0.0;0;0.0;0;0;0;0;0;0;0;0.0;0;-1.0;0.0;0;0;1;2;2;0.125;0.25;0.25;1;0.25;0;0
src\main\java\io\vertx\core\eventbus\impl\HandlerRegistration.java;120;15;1;2;38;24;14;1;7;7.0;7;0.058333333333333334;2;0;0;0;0;0;0;0.0;0;-0.5;0.25;0;0;2;6;6;0.15384615384615385;0.46153846153846156;0.46153846153846156;2;0.2857142857142857;1;1
src\main\java\io\vertx\core\eventbus\impl\MessageConsumerImpl.java;224;30;3;0;45;80;11;5;24;4.8;14;0.10714285714285714;9;1;1;1;1;0;0;0.0;0;-0.5151515151515151;0.24242424242424243;0;0;6;10;10;0.35294117647058826;0.5882352941176471;0.5882352941176471;8;0.7272727272727273;2;1
src\main\java\io\vertx\core\eventbus\impl\MessageImpl.java;109;9;1;1;24;52;10;0;0;0.0;0;0.0;0;0;0;0;0;0;0;0.0;0;-0.8181818181818182;0.09090909090909091;0;0;2;9;9;0.16666666666666666;0.75;0.75;8;0.8888888888888888;0;0
src\main\java\io\vertx\core\eventbus\impl\MessageProducerImpl.java;39;2;1;0;13;4;4;0;0;0.0;0;0.0;0;0;0;0;0;0;0;0.0;0;-1.0;0.0;0;0;0;1;1;0.0;0.25;0.25;1;0.16666666666666666;0;0
src\main\java\io\vertx\core\eventbus\impl\MessageTagExtractor.java;36;7;1;0;4;3;3;0;0;0.0;0;0.0;0;0;0;0;0;0;0;0.0;0;0.0;0.0;0;0;0;0;0;0.0;0.0;0.0;0;0.0;0;0
src\main\java\io\vertx\core\eventbus\impl\OutboundDeliveryContext.java;100;15;2;0;25;9;12;1;1;1.0;1;0.01;1;0;0;0;0;0;0;0.0;0;-1.0;0.0;0;2;1;2;2;0.14285714285714285;0.2857142857142857;0.2857142857142857;3;0.42857142857142855;0;1
src\main\java\io\vertx\core\eventbus\impl\ReplyHandler.java;72;8;2;0;24;12;12;0;0;0.0;0;0.0;0;0;0;0;0;0;0;0.0;0;-0.6;0.2;0;1;0;0;0;0.0;0.0;0.0;1;0.2;0;0
src\main\java\io\vertx\core\eventbus\Message.java;29;1;0;1;10;45;9;0;0;0.0;0;0.0;0;0;0;0;0;0;0;0.0;0;0.0;0.0;0;0;0;0;0;0.0;0.0;0.0;0;0.0;0;0
src\main\java\io\vertx\core\eventbus\MessageCodec.java;9;1;0;18;5;10;4;0;0;0.0;0;0.0;0;0;0;0;0;0;0;0.0;0;0.0;0.0;0;0;0;0;0;0.0;0.0;0.0;0;0.0;0;0
src\main\java\io\vertx\core\eventbus\MessageConsumer.java;27;1;2;1;13;78;4;0;0;0.0;0;0.0;0;0;0;0;0;0;0;0.0;0;1.0;1.0;0;0;0;0;0;0.0;0.0;0.0;0;0.0;0;0
src\main\java\io\vertx\core\eventbus\MessageProducer.java;12;1;0;1;4;6;0;0;0;0.0;0;0.0;0;0;0;0;0;0;0;0.0;0;0.0;0.0;0;0;0;0;0;0.0;0.0;0.0;0;0.0;0;0
src\main\java\io\vertx\core\eventbus\package-info.java;1;1;1;0;0;0;0;0;0;0.0;0;0.0;0;0;0;0;0;0;0;0.0;0;0.0;0.0;0;0;0;0;0;0.0;0.0;0.0;0;0.0;0;0
src\main\java\io\vertx\core\eventbus\ReplyException.java;36;2;5;0;4;0;2;0;0;0.0;0;0.0;0;0;0;0;0;0;0;0.0;0;-0.6;0.2;0;0;0;0;0;0.0;0.0;0.0;0;0.0;0;0
src\main\java\io\vertx\core\eventbus\ReplyFailure.java;37;11;1;0;2;0;1;0;0;0.0;0;0.0;0;0;0;0;0;0;0;0.0;0;1.0;1.0;0;0;0;0;0;0.0;0.0;0.0;0;0.0;0;0
src\main\java\io\vertx\core\Expectation.java;71;7;0;1;14;13;2;0;0;0.0;0;0.0;0;0;0;0;0;0;0;0.0;0;0.6;0.8;0;0;0;0;0;0.0;0.0;0.0;0;0.0;0;0
src\main\java\io\vertx\core\file\AsyncFile.java;78;2;2;1;30;325;5;2;11;5.5;10;0.14102564102564102;3;0;0;0;0;0;0;0.0;0;0.7142857142857143;0.8571428571428571;0;0;0;0;0;0.0;0.0;0.0;0;0.0;1;1
src\main\java\io\vertx\core\file\AsyncFileLock.java;14;1;0;1;8;28;1;0;0;0.0;0;0.0;0;0;0;0;0;0;0;0.0;0;0.0;0.0;0;0;0;0;0;0.0;0.0;0.0;0;0.0;0;0
src\main\java\io\vertx\core\file\CopyOptions.java;56;1;1;0;8;28;1;0;0;0.0;0;0.0;0;0;0;0;0;0;0;0.0;0;-1.0;0.0;0;0;0;4;4;0.0;0.5;0.5;4;0.5;0;0
src\main\java\io\vertx\core\file\FileProps.java;13;1;0;1;8;28;1;0;0;0.0;0;0.0;0;0;0;0;0;0;0;0.0;0;0.0;0.0;0;0;0;0;0;0.0;0.0;0.0;0;0.0;0;0
src\main\java\io\vertx\core\file\FileSystem.java;101;1;0;1;70;2415;9;0;0;0.0;0;0.0;0;0;0;0;0;0;0;0.0;0;0.0;0.0;0;0;0;0;0;0.0;0.0;0.0;0;0.0;0;0
src\main\java\io\vertx\core\file\FileSystemException.java;13;1;5;0;0;0;0;0;0;0.0;0;0.0;0;0;0;0;0;0;0;0.0;0;0.0;0.0;0;0;0;0;0;0.0;0.0;0.0;0;0.0;0;0
src\main\java\io\vertx\core\file\FileSystemOptions.java;62;1;1;0;10;28;2;0;0;0.0;0;0.0;0;0;0;0;0;0;0;0.0;0;-0.7142857142857143;0.14285714285714285;0;0;0;1;1;0.0;0.125;0.125;3;0.5;0;0
src\main\java\io\vertx\core\file\FileSystemProps.java;9;1;0;1;4;6;0;0;0;0.0;0;0.0;0;0;0;0;0;0;0;0.0;0;0.0;0.0;0;0;0;0;0;0.0;0.0;0.0;0;0.0;0;0
src\main\java\io\vertx\core\file\impl\AsyncFileImpl.java;499;52;3;0;119;608;16;13;110;8.461538461538462;38;0.22044088176352705;31;5;5;4;4;0;0;0.0;0;-0.48;0.26;0;2;10;23;23;0.20833333333333334;0.4791666666666667;0.4791666666666667;17;0.7727272727272727;6;1
src\main\java\io\vertx\core\file\impl\AsyncFileLockImpl.java;61;3;1;0;17;0;2;1;8;8.0;8;0.13114754098360656;2;0;0;0;0;0;0;0.0;0;0.3333333333333333;0.6666666666666666;0;0;0;0;0;0.0;0.0;0.0;0;0.0;1;1
src\main\java\io\vertx\core\file\impl\FileCache.java;179;24;1;0;46;99;3;1;6;6.0;6;0.0335195530726257;2;0;1;0;0;0;0;0.0;0;-0.75;0.125;0;0;2;4;4;0.13333333333333333;0.26666666666666666;0.26666666666666666;2;1.0;1;1
src\main\java\io\vertx\core\file\impl\FilePropsImpl.java;55;1;1;0;17;28;0;0;0;0.0;0;0.0;0;0;0;0;0;0;0;0.0;0;-1.0;0.0;0;0;0;0;0;0.0;0.0;0.0;0;0.0;0;0
src\main\java\io\vertx\core\file\impl\FileResolverImpl.java;311;77;3;0;75;63;5;0;0;0.0;0;0.0;0;0;0;0;0;0;0;0.0;0;-0.6;0.2;0;0;0;0;0;0.0;0.0;0.0;0;0.0;0;0
src\main\java\io\vertx\core\file\impl\FileSystemImpl.java;851;59;1;1;203;5566;8;0;0;0.0;0;0.0;0;0;0;0;0;0;0;0.0;0;-0.8888888888888888;0.05555555555555555;0;0;0;0;0;0.0;0.0;0.0;0;0.0;0;0
src\main\java\io\vertx\core\file\impl\FileSystemPropsImpl.java;30;1;1;0;4;6;0;0;0;0.0;0;0.0;0;0;0;0;0;0;0;0.0;0;-1.0;0.0;0;0;0;0;0;0.0;0.0;0.0;0;0.0;0;0
src\main\java\io\vertx\core\file\impl\WindowsFileSystem.java;60;6;2;0;15;9;4;0;0;0.0;0;0.0;0;0;0;0;0;0;0;0.0;0;1.0;1.0;0;0;0;0;0;0.0;0.0;0.0;0;0.0;0;0
src\main\java\io\vertx\core\file\OpenOptions.java;127;1;1;0;22;231;4;0;0;0.0;0;0.0;0;0;0;0;0;0;0;0.0;0;-1.0;0.0;0;0;0;11;11;0.0;0.5;0.5;11;0.5;0;0
src\main\java\io\vertx\core\file\package-info.java;1;1;1;0;0;0;0;0;0;0.0;0;0.0;0;0;0;0;0;0;0;0.0;0;0.0;0.0;0;0;0;0;0;0.0;0.0;0.0;0;0.0;0;0
src\main\java\io\vertx\core\Future.java;210;12;1;3;77;1326;81;6;33;5.5;7;0.15714285714285714;13;0;0;0;0;0;0;0.0;0;1.0;1.0;0;0;0;0;0;0.0;0.0;0.0;0;0.0;4;1
src\main\java\io\vertx\core\Handler.java;5;1;0;14;1;0;43;0;0;0.0;0;0.0;0;0;0;0;0;0;0;0.0;0;0.0;0.0;0;0;0;0;0;0.0;0.0;0.0;0;0.0;0;0
src\main\java\io\vertx\core\http\ClientAuth.java;8;1;1;0;0;0;0;0;0;0.0;0;0.0;0;0;0;0;0;0;0;0.0;0;0.0;0.0;0;0;0;0;0;0.0;0.0;0.0;0;0.0;0;0
src\main\java\io\vertx\core\http\ClientWebSocket.java;49;1;4;1;21;136;3;0;0;0.0;0;0.0;0;0;0;0;0;0;0;0.0;0;1.0;1.0;0;0;0;0;0;0.0;0.0;0.0;0;0.0;0;0
src\main\java\io\vertx\core\http\ConnectionPoolTooBusyException.java;7;1;5;0;0;0;0;0;0;0.0;0;0.0;0;0;0;0;0;0;0;0.0;0;0.0;0.0;0;0;0;0;0;0.0;0.0;0.0;0;0.0;0;0
src\main\java\io\vertx\core\http\Cookie.java;37;1;0;1;17;136;4;0;0;0.0;0;0.0;0;0;0;0;0;0;0;0.0;0;1.0;1.0;0;0;0;0;0;0.0;0.0;0.0;0;0.0;0;0
src\main\java\io\vertx\core\http\CookieSameSite.java;16;1;1;0;1;0;1;0;0;0.0;0;0.0;0;0;0;0;0;0;0;0.0;0;-1.0;0.0;0;0;0;0;0;0.0;0.0;0.0;0;0.0;0;0
src\main\java\io\vertx\core\http\GoAway.java;48;2;1;0;8;21;3;0;0;0.0;0;0.0;0;0;0;0;0;0;0;0.0;0;-0.7142857142857143;0.14285714285714285;0;0;0;3;3;0.0;0.42857142857142855;0.42857142857142855;3;1.0;0;0
src\main\java\io\vertx\core\http\Http2Settings.java;199;32;1;0;25;136;6;0;0;0.0;0;0.0;0;0;0;0;0;0;0;0.0;0;-0.9285714285714286;0.03571428571428571;0;0;2;12;12;0.1;0.6;0.6;7;0.5;0;0
src\main\java\io\vertx\core\http\HttpClient.java;27;1;0;2;12;28;7;0;0;0.0;0;0.0;0;0;0;0;0;0;0;0.0;0;0.0;0.0;0;0;0;0;0;0.0;0.0;0.0;0;0.0;0;0
src\main\java\io\vertx\core\http\HttpClientAgent.java;13;1;1;1;3;3;2;0;0;0.0;0;0.0;0;0;0;0;0;0;0;0.0;0;0.0;0.0;0;0;0;0;0;0.0;0.0;0.0;0;0.0;0;0
src\main\java\io\vertx\core\http\HttpClientBuilder.java;25;1;0;1;7;21;3;0;0;0.0;0;0.0;0;0;0;0;0;0;0;0.0;0;1.0;1.0;0;0;0;0;0;0.0;0.0;0.0;0;0.0;0;0
src\main\java\io\vertx\core\http\HttpClientConnection.java;19;1;1;1;7;10;1;0;0;0.0;0;0.0;0;0;0;0;0;0;0;0.0;0;1.0;1.0;0;0;0;0;0;0.0;0.0;0.0;0;0.0;0;0
src\main\java\io\vertx\core\http\HttpClientOptions.java;504;9;4;0;133;4045;13;0;0;0.0;0;0.0;0;0;0;0;0;0;0;0.0;0;-0.875;0.0625;0;0;1;26;26;0.01098901098901099;0.2857142857142857;0.2857142857142857;25;0.5102040816326531;0;0
src\main\java\io\vertx\core\http\HttpClientRequest.java;117;3;2;2;58;1378;10;0;0;0.0;0;0.0;0;0;0;0;0;0;0;0.0;0;1.0;1.0;0;0;0;0;0;0.0;0.0;0.0;0;0.0;0;0
src\main\java\io\vertx\core\http\HttpClientResponse.java;42;1;2;1;16;105;6;0;0;0.0;0;0.0;0;0;0;0;0;0;0;0.0;0;1.0;1.0;0;0;0;0;0;0.0;0.0;0.0;0;0.0;0;0
src\main\java\io\vertx\core\http\HttpClosedException.java;25;3;5;0;3;1;1;0;0;0.0;0;0.0;0;0;0;0;0;0;0;0.0;0;-1.0;0.0;0;0;0;0;0;0.0;0.0;0.0;0;0.0;0;0
src\main\java\io\vertx\core\http\HttpConnection.java;66;1;0;5;26;325;11;0;0;0.0;0;0.0;0;0;0;0;0;0;0;0.0;0;1.0;1.0;0;0;0;0;0;0.0;0.0;0.0;0;0.0;0;0
src\main\java\io\vertx\core\http\HttpConnectOptions.java;124;5;1;1;21;122;8;0;0;0.0;0;0.0;0;0;0;0;0;0;0;0.0;0;-0.6842105263157895;0.15789473684210525;0;1;1;8;8;0.058823529411764705;0.47058823529411764;0.47058823529411764;7;0.5384615384615384;0;0
src\main\java\io\vertx\core\http\HttpFrame.java;13;1;0;1;3;3;3;0;0;0.0;0;0.0;0;0;0;0;0;0;0;0.0;0;0.0;0.0;0;0;0;0;0;0.0;0.0;0.0;0;0.0;0;0
src\main\java\io\vertx\core\http\HttpHeaders.java;175;1;0;0;8;6;19;0;0;0.0;0;0.0;0;0;0;0;0;0;0;0.0;0;0.0;0.0;0;0;0;0;0;0.0;0.0;0.0;0;0.0;0;0
src\main\java\io\vertx\core\http\HttpMethod.java;289;67;1;0;14;31;17;0;0;0.0;0;0.0;0;0;0;0;0;0;0;0.0;0;-0.9428571428571428;0.02857142857142857;0;1;0;0;0;0.0;0.0;0.0;0;0.0;0;0
src\main\java\io\vertx\core\http\HttpResponseExpectation.java;133;10;1;0;19;10;4;0;0;0.0;0;0.0;0;0;0;0;0;0;0;0.0;0;0.25;0.625;0;0;0;0;0;0.0;0.0;0.0;0;0.0;0;0
src\main\java\io\vertx\core\http\HttpResponseHead.java;20;1;0;1;7;21;5;0;0;0.0;0;0.0;0;0;0;0;0;0;0;0.0;0;1.0;1.0;0;0;0;0;0;0.0;0.0;0.0;0;0.0;0;0
src\main\java\io\vertx\core\http\HttpServer.java;50;1;1;1;18;153;7;0;0;0.0;0;0.0;0;0;0;0;0;0;0;0.0;0;1.0;1.0;0;0;0;0;0;0.0;0.0;0.0;0;0.0;0;0
src\main\java\io\vertx\core\http\HttpServerFileUpload.java;34;1;2;1;16;120;1;0;0;0.0;0;0.0;0;0;0;0;0;0;0;0.0;0;1.0;1.0;0;0;0;0;0;0.0;0.0;0.0;0;0.0;0;0
src\main\java\io\vertx\core\http\HttpServerOptions.java;611;8;4;0;157;5937;18;0;0;0.0;0;0.0;0;0;0;0;0;0;0;0.0;0;-0.9175257731958762;0.041237113402061855;0;0;4;30;30;0.03636363636363636;0.2727272727272727;0.2727272727272727;31;0.5081967213114754;0;0
src\main\java\io\vertx\core\http\HttpServerRequest.java;155;5;2;1;66;1378;18;2;17;8.5;16;0.10967741935483871;5;0;0;0;0;0;0;0.0;0;0.5714285714285714;0.7857142857142857;0;2;0;0;0;0.0;0.0;0.0;0;0.0;1;1
src\main\java\io\vertx\core\http\HttpServerResponse.java;138;3;2;2;65;1770;13;0;0;0.0;0;0.0;0;0;0;0;0;0;0;0.0;0;1.0;1.0;0;0;0;0;0;0.0;0.0;0.0;0;0.0;0;0
src\main\java\io\vertx\core\http\HttpVersion.java;13;1;1;0;1;0;0;0;0;0.0;0;0.0;0;0;0;0;0;0;0;0.0;0;-1.0;0.0;0;0;0;0;0;0.0;0.0;0.0;0;0.0;0;0
src\main\java\io\vertx\core\http\impl\AssembledFullHttpRequest.java;85;2;2;0;19;78;1;0;0;0.0;0;0.0;0;0;0;0;0;0;0;0.0;0;0.0;0.0;0;0;0;0;0;0.0;0.0;0.0;0;0.0;0;0
src\main\java\io\vertx\core\http\impl\AssembledFullHttpResponse.java;64;1;2;0;18;55;1;0;0;0.0;0;0.0;0;0;0;0;0;0;0;0.0;0;-1.0;0.0;0;0;0;1;1;0.0;0.09090909090909091;0.09090909090909091;1;1.0;0;0
src\main\java\io\vertx\core\http\impl\AssembledHttpRequest.java;120;1;1;1;25;88;1;0;0;0.0;0;0.0;0;0;0;0;0;0;0;0.0;0;-1.0;0.0;0;0;0;0;0;0.0;0.0;0.0;0;0.0;0;0
src\main\java\io\vertx\core\http\impl\AssembledHttpResponse.java;120;1;1;1;23;191;3;0;0;0.0;0;0.0;0;0;0;0;0;0;0;0.0;0;-1.0;0.0;0;0;0;8;8;0.0;0.34782608695652173;0.34782608695652173;5;0.8333333333333334;0;0
src\main\java\io\vertx\core\http\impl\AssembledLastHttpContent.java;71;1;0;0;12;64;0;0;0;0.0;0;0.0;0;0;0;0;0;0;0;0.0;0;-1.0;0.0;0;0;0;2;2;0.0;0.16666666666666666;0.16666666666666666;1;0.5;0;0
src\main\java\io\vertx\core\http\impl\CleanableHttpClient.java;89;3;3;0;25;0;7;0;0;0.0;0;0.0;0;0;0;0;0;0;0;0.0;0;0.17647058823529413;0.5882352941176471;0;0;1;1;1;0.08333333333333333;0.08333333333333333;0.08333333333333333;3;0.42857142857142855;0;0
src\main\java\io\vertx\core\http\impl\CleanableWebSocketClient.java;66;3;2;0;15;0;3;0;0;0.0;0;0.0;0;0;0;0;0;0;0;0.0;0;-0.16666666666666666;0.4166666666666667;0;0;1;1;1;0.14285714285714285;0.14285714285714285;0.14285714285714285;3;0.42857142857142855;0;0
src\main\java\io\vertx\core\http\impl\ClientHttpEndpointBase.java;34;4;2;1;7;1;4;1;3;3.0;3;0.08823529411764706;1;0;0;0;0;0;0;0.0;0;-1.0;0.0;0;0;0;0;0;0.0;0.0;0.0;0;0.0;0;1
src\main\java\io\vertx\core\http\impl\ClientWebSocketImpl.java;263;14;5;0;85;571;10;1;17;17.0;17;0.06463878326996197;2;1;1;1;1;0;0;0.0;0;0.4418604651162791;0.7209302325581395;0;0;11;12;12;0.2894736842105263;0.3157894736842105;0.3157894736842105;12;0.9230769230769231;1;1
src\main\java\io\vertx\core\http\impl\CookieImpl.java;111;2;2;0;20;0;1;0;0;0.0;0;0.0;0;0;0;0;0;0;0;0.0;0;-0.75;0.125;0;0;0;2;2;0.0;0.10526315789473684;0.10526315789473684;2;0.5;0;0
src\main\java\io\vertx\core\http\impl\CookieJar.java;177;35;4;0;38;0;6;0;0;0.0;0;0.0;0;0;0;0;0;0;0;0.0;0;-0.6842105263157895;0.15789473684210525;0;0;0;0;0;0.0;0.0;0.0;0;0.0;0;0
src\main\java\io\vertx\core\http\impl\EndpointKey.java;72;20;1;0;16;4;4;0;0;0.0;0;0.0;0;0;0;0;0;0;0;0.0;0;-0.5;0.25;0;1;0;0;0;0.0;0.0;0.0;0;0.0;0;0
src\main\java\io\vertx\core\http\impl\headers\HeadersAdaptor.java;166;8;2;0;37;0;2;0;0;0.0;0;0.0;0;0;0;0;0;0;0;0.0;0;0.0;0.5;0;0;0;0;0;0.0;0.0;0.0;0;0.0;0;0
src\main\java\io\vertx\core\http\impl\headers\HeadersMultiMap.java;545;54;2;0;96;1685;6;0;0;0.0;0;0.0;0;0;0;0;0;0;0;0.0;0;-0.68;0.16;0;4;4;10;10;0.05333333333333334;0.13333333333333333;0.13333333333333333;6;0.42857142857142855;0;0
src\main\java\io\vertx\core\http\impl\headers\Http2HeadersAdaptor.java;248;23;2;0;60;0;4;0;0;0.0;0;0.0;0;0;0;0;0;0;1;0.5;1;0.05263157894736842;0.5263157894736842;0;0;0;0;0;0.0;0.0;0.0;0;0.0;0;1
src\main\java\io\vertx\core\http\impl\Http1xClientConnection.java;1084;153;4;1;196;1170;27;10;79;7.9;47;0.07287822878228782;15;1;3;1;2;7;0;0.0;0;-0.5714285714285714;0.21428571428571427;0;10;19;32;32;0.18446601941747573;0.3106796116504854;0.3106796116504854;29;0.6444444444444445;1;1
src\main\java\io\vertx\core\http\impl\Http1xConnection.java;123;13;3;2;20;101;6;0;0;0.0;0;0.0;0;0;0;0;0;0;0;0.0;0;0.07692307692307693;0.5384615384615384;0;8;2;3;3;0.13333333333333333;0.2;0.2;6;1.0;0;0
src\main\java\io\vertx\core\http\impl\Http1xOrH2CHandler.java;49;5;0;0;5;4;0;0;0;0.0;0;0.0;0;0;0;0;0;0;0;0.0;0;-1.0;0.0;0;0;1;2;2;0.25;0.5;0.5;1;0.3333333333333333;0;0
src\main\java\io\vertx\core\http\impl\Http1xServerConnection.java;388;52;4;0;84;221;20;5;92;18.4;48;0.23711340206185566;15;2;3;0;0;0;0;0.0;0;-0.3939393939393939;0.30303030303030304;0;7;6;11;11;0.2;0.36666666666666664;0.36666666666666664;5;0.4166666666666667;4;1
src\main\java\io\vertx\core\http\impl\Http1xServerRequest.java;576;66;4;0;132;1214;29;4;30;7.5;14;0.052083333333333336;7;3;3;1;1;0;0;0.0;0;-0.4444444444444444;0.2777777777777778;0;3;20;39;39;0.3125;0.609375;0.609375;23;0.8846153846153846;2;1
src\main\java\io\vertx\core\http\impl\Http1xServerRequestHandler.java;40;7;1;0;16;0;11;1;9;9.0;9;0.225;2;0;0;0;0;0;0;0.0;0;-1.0;0.0;0;0;0;0;0;0.0;0.0;0.0;0;0.0;1;1
src\main\java\io\vertx\core\http\impl\Http1xServerResponse.java;667;69;3;0;107;0;23;1;28;28.0;28;0.041979010494752625;5;1;1;0;0;0;0;0.0;0;-0.6451612903225806;0.1774193548387097;0;2;14;28;28;0.22950819672131148;0.45901639344262296;0.45901639344262296;16;0.5714285714285714;1;1
src\main\java\io\vertx\core\http\impl\Http1xUpgradeToH2CHandler.java;136;27;0;0;11;1;3;1;5;5.0;5;0.03676470588235294;2;0;0;0;0;0;0;0.0;0;-1.0;0.0;0;4;1;1;1;0.5;0.5;0.5;1;0.16666666666666666;1;1
src\main\java\io\vertx\core\http\impl\Http2ClientConnection.java;608;69;3;1;136;769;24;6;27;4.5;10;0.044407894736842105;11;0;0;0;0;1;0;0.0;0;-0.352112676056338;0.323943661971831;0;2;20;35;35;0.273972602739726;0.4794520547945205;0.4794520547945205;20;0.8;3;1
src\main\java\io\vertx\core\http\impl\Http2ConnectionBase.java;417;37;2;2;89;878;18;7;30;4.285714285714286;9;0.07194244604316546;9;1;1;0;0;0;0;0.0;0;-0.5882352941176471;0.20588235294117646;0;0;5;11;11;0.1111111111111111;0.24444444444444444;0.24444444444444444;10;0.625;2;1
src\main\java\io\vertx\core\http\impl\Http2ServerConnection.java;260;46;3;0;49;43;13;3;25;8.333333333333334;23;0.09615384615384616;5;1;1;1;1;0;0;0.0;0;-0.46153846153846156;0.2692307692307692;0;0;4;5;5;0.21052631578947367;0.2631578947368421;0.2631578947368421;3;0.23076923076923078;1;1
src\main\java\io\vertx\core\http\impl\Http2ServerRequest.java;479;39;4;0;102;428;17;1;1;1.0;1;0.0020876826722338203;1;1;1;0;0;0;0;0.0;0;-0.23404255319148937;0.3829787234042553;0;2;12;20;20;0.21428571428571427;0.35714285714285715;0.35714285714285715;12;0.6666666666666666;0;1
src\main\java\io\vertx\core\http\impl\Http2ServerResponse.java;629;64;3;0;100;0;22;1;18;18.0;18;0.028616852146263912;4;0;0;0;0;0;0;0.0;0;-0.5686274509803921;0.21568627450980393;0;0;13;26;26;0.203125;0.40625;0.40625;17;0.7391304347826086;1;1
src\main\java\io\vertx\core\http\impl\Http2ServerStream.java;213;32;2;0;47;0;12;0;0;0.0;0;0.0;0;0;0;0;0;0;0;0.0;0;-0.37142857142857144;0.3142857142857143;0;0;5;17;17;0.2777777777777778;0.9444444444444444;0.9444444444444444;6;0.46153846153846156;0;0
src\main\java\io\vertx\core\http\impl\Http2ServerStreamHandler.java;26;1;0;2;11;55;1;0;0;0.0;0;0.0;0;0;0;0;0;0;0;0.0;0;1.0;1.0;0;0;0;0;0;0.0;0.0;0.0;0;0.0;0;0
src\main\java\io\vertx\core\http\impl\Http2UpgradeClientConnection.java;788;55;2;0;160;0;11;5;76;15.2;72;0.09644670050761421;8;1;1;0;0;0;0;0.0;0;0.18840579710144928;0.5942028985507246;0;13;19;56;56;0.1919191919191919;0.5656565656565656;0.5656565656565656;25;0.78125;1;1
src\main\java\io\vertx\core\http\impl\HttpChannelConnector.java;243;31;1;0;66;14;24;6;65;10.833333333333334;31;0.2674897119341564;12;0;0;0;0;0;0;0.0;0;-0.8666666666666667;0.06666666666666667;0;1;0;0;0;0.0;0.0;0.0;0;0.0;3;1
src\main\java\io\vertx\core\http\impl\HttpChunkContentCompressor.java;33;5;0;0;2;1;0;0;0;0.0;0;0.0;0;0;0;0;0;0;0;0.0;0;-1.0;0.0;0;1;0;0;0;0.0;0.0;0.0;0;0.0;0;0
src\main\java\io\vertx\core\http\impl\HttpClientBase.java;166;24;2;2;64;146;21;0;0;0.0;0;0.0;0;0;1;0;0;0;1;1.0;1;-0.75;0.125;0;0;2;5;5;0.1;0.25;0.25;4;0.4;0;1
src\main\java\io\vertx\core\http\impl\HttpClientBuilderInternal.java;107;11;1;0;23;30;9;3;8;2.6666666666666665;6;0.07476635514018691;3;0;0;0;0;0;0;0.0;0;-0.47368421052631576;0.2631578947368421;0;0;0;2;2;0.0;0.2222222222222222;0.2222222222222222;6;0.8571428571428571;0;1
src\main\java\io\vertx\core\http\impl\HttpClientConnectionInternal.java;30;1;1;3;15;78;9;2;4;2.0;3;0.13333333333333333;2;0;0;0;0;0;0;0.0;0;1.0;1.0;0;0;0;0;0;0.0;0.0;0.0;0;0.0;0;1
src\main\java\io\vertx\core\http\impl\HttpClientImpl.java;433;73;3;0;128;49;40;18;202;11.222222222222221;52;0.4665127020785219;47;0;0;0;0;0;0;0.0;0;-0.5238095238095238;0.23809523809523808;0;3;4;7;7;0.26666666666666666;0.4666666666666667;0.4666666666666667;3;0.25;7;1
src\main\java\io\vertx\core\http\impl\HttpClientInternal.java;13;1;2;2;4;6;1;0;0;0.0;0;0.0;0;0;0;0;0;0;0;0.0;0;0.0;0.0;0;0;0;0;0;0.0;0.0;0.0;0;0.0;0;0
src\main\java\io\vertx\core\http\impl\HttpClientPush.java;54;4;1;0;15;13;5;0;0;0.0;0;0.0;0;0;0;0;0;0;0;0.0;0;-0.5;0.25;0;0;0;0;0;0.0;0.0;0.0;0;0.0;0;0
src\main\java\io\vertx\core\http\impl\HttpClientRequestBase.java;211;20;3;2;54;308;14;2;9;4.5;8;0.04265402843601896;2;0;5;0;0;0;0;0.0;0;-0.8709677419354839;0.06451612903225806;0;1;8;18;18;0.2857142857142857;0.6428571428571429;0.6428571428571429;11;0.7333333333333333;0;1
src\main\java\io\vertx\core\http\impl\HttpClientRequestImpl.java;437;52;4;0;133;1024;27;4;19;4.75;10;0.043478260869565216;7;0;3;0;0;0;0;0.0;0;-0.4883720930232558;0.2558139534883721;0;0;4;19;19;0.08333333333333333;0.3958333333333333;0.3958333333333333;15;0.8333333333333334;2;1
src\main\java\io\vertx\core\http\impl\HttpClientRequestPushPromise.java;159;1;4;0;40;559;4;0;0;0.0;0;0.0;0;0;0;0;0;0;0;0.0;0;0.6;0.8;0;0;0;0;0;0.0;0.0;0.0;0;0.0;0;0
src\main\java\io\vertx\core\http\impl\HttpClientResponseImpl.java;243;23;3;0;49;182;9;0;0;0.0;0;0.0;0;0;0;0;0;0;0;0.0;0;-0.2857142857142857;0.35714285714285715;0;0;6;16;16;0.21428571428571427;0.5714285714285714;0.5714285714285714;7;0.5;0;0
src\main\java\io\vertx\core\http\impl\HttpClientStream.java;55;1;2;5;29;378;11;0;0;0.0;0;0.0;0;0;0;0;0;0;0;0.0;0;1.0;1.0;0;0;0;0;0;0.0;0.0;0.0;0;0.0;0;0
src\main\java\io\vertx\core\http\impl\HttpEventHandler.java;73;11;1;0;17;2;6;0;0;0.0;0;0.0;0;0;0;0;0;0;0;0.0;0;-0.4;0.3;0;0;5;8;8;0.625;1.0;1.0;6;0.8571428571428571;0;0
src\main\java\io\vertx\core\http\impl\HttpFrameImpl.java;25;1;1;0;3;3;0;0;0;0.0;0;0.0;0;0;0;0;0;0;0;0.0;0;-1.0;0.0;0;0;0;0;0;0.0;0.0;0.0;0;0.0;0;0
src\main\java\io\vertx\core\http\impl\HttpNetSocket.java;226;10;3;0;69;539;9;1;5;5.0;5;0.022123893805309734;1;0;0;0;0;0;0;0.0;0;0.42857142857142855;0.7142857142857143;0;3;4;8;8;0.10526315789473684;0.21052631578947367;0.21052631578947367;4;0.5;0;1
src\main\java\io\vertx\core\http\impl\HttpRequestHead.java;50;3;1;0;7;15;3;0;0;0.0;0;0.0;0;0;0;0;0;0;0;0.0;0;-1.0;0.0;0;0;0;2;2;0.0;0.3333333333333333;0.3333333333333333;2;0.25;0;0
src\main\java\io\vertx\core\http\impl\HttpResponseHead.java;24;1;1;0;2;1;4;0;0;0.0;0;0.0;0;0;0;0;0;0;0;0.0;0;-1.0;0.0;0;0;0;0;0;0.0;0.0;0.0;0;0.0;0;0
src\main\java\io\vertx\core\http\impl\HttpServerConnection.java;15;1;1;2;5;10;1;0;0;0.0;0;0.0;0;0;0;0;0;0;0;0.0;0;1.0;1.0;0;0;0;0;0;0.0;0.0;0.0;0;0.0;0;0
src\main\java\io\vertx\core\http\impl\HttpServerConnectionHandler.java;77;9;1;0;16;1;9;0;0;0.0;0;0.0;0;0;0;0;0;0;0;0.0;0;-1.0;0.0;0;1;0;0;0;0.0;0.0;0.0;0;0.0;0;0
src\main\java\io\vertx\core\http\impl\HttpServerConnectionInitializer.java;226;19;1;0;37;30;11;3;23;7.666666666666667;12;0.10176991150442478;4;0;0;0;0;0;0;0.0;0;-0.875;0.0625;0;0;0;0;0;0.0;0.0;0.0;0;0.0;1;1
src\main\java\io\vertx\core\http\impl\HttpServerFileUploadImpl.java;183;9;3;0;42;139;7;5;34;6.8;16;0.18579234972677597;7;3;5;2;3;0;0;0.0;0;-0.7391304347826086;0.13043478260869565;0;0;5;9;9;0.2631578947368421;0.47368421052631576;0.47368421052631576;8;0.5333333333333333;2;1
src\main\java\io\vertx\core\http\impl\HttpServerImpl.java;231;21;2;0;66;148;23;5;35;7.0;25;0.15151515151515152;8;1;1;0;0;0;1;1.0;1;-0.22580645161290322;0.3870967741935484;0;0;7;16;16;0.3333333333333333;0.7619047619047619;0.7619047619047619;9;0.6428571428571429;2;1
src\main\java\io\vertx\core\http\impl\HttpServerRequestInternal.java;8;1;3;3;2;1;1;0;0;0.0;0;0.0;0;0;0;0;0;0;0;0.0;0;0.0;0.0;0;0;0;0;0;0.0;0.0;0.0;0;0.0;0;0
src\main\java\io\vertx\core\http\impl\HttpServerRequestWrapper.java;215;2;4;0;86;0;2;0;0;0.0;0;0.0;0;0;0;0;0;0;0;0.0;0;0.9534883720930233;0.9767441860465116;0;0;0;0;0;0.0;0.0;0.0;0;0.0;0;0
src\main\java\io\vertx\core\http\impl\HttpUtils.java;850;186;1;0;155;818;37;6;33;5.5;13;0.03882352941176471;10;0;0;0;0;0;0;0.0;0;-0.9565217391304348;0.021739130434782608;0;1;0;0;0;0.0;0.0;0.0;0;0.0;3;1
src\main\java\io\vertx\core\http\impl\MimeMapping.java;1006;3;1;0;7;1;2;0;0;0.0;0;0.0;0;0;0;0;0;0;0;0.0;0;0.0;0.0;0;0;0;0;0;0.0;0.0;0.0;0;0.0;0;0
src\main\java\io\vertx\core\http\impl\NettyFileUpload.java;283;10;2;0;62;1350;6;2;14;7.0;13;0.04946996466431095;5;0;0;0;0;0;0;0.0;0;-0.52;0.24;0;0;5;15;15;0.09433962264150944;0.2830188679245283;0.2830188679245283;9;0.6923076923076923;1;1
src\main\java\io\vertx\core\http\impl\NettyFileUploadDataFactory.java;40;2;0;0;3;0;1;0;0;0.0;0;0.0;0;0;0;0;0;0;0;0.0;0;-1.0;0.0;0;0;0;0;0;0.0;0.0;0.0;0;0.0;0;0
src\main\java\io\vertx\core\http\impl\ServerCookie.java;7;1;1;1;3;3;3;0;0;0.0;0;0.0;0;0;0;0;0;0;0;0.0;0;0.0;0.0;0;0;0;0;0;0.0;0.0;0.0;0;0.0;0;0
src\main\java\io\vertx\core\http\impl\ServerWebSocketHandshaker.java;450;37;5;0;129;876;18;3;38;12.666666666666666;17;0.08444444444444445;6;2;2;1;1;0;0;0.0;0;0.21311475409836064;0.6065573770491803;0;0;13;21;21;0.2653061224489796;0.42857142857142855;0.42857142857142855;16;0.8421052631578947;2;1
src\main\java\io\vertx\core\http\impl\ServerWebSocketImpl.java;60;1;6;0;14;28;1;0;0;0.0;0;0.0;0;0;0;0;0;0;0;0.0;0;-1.0;0.0;0;0;0;0;0;0.0;0.0;0.0;0;0.0;0;0
src\main\java\io\vertx\core\http\impl\SharedClientHttpStreamEndpoint.java;145;14;3;0;46;6;14;7;62;8.857142857142858;20;0.42758620689655175;18;0;0;0;0;0;0;0.0;0;-0.75;0.125;0;1;1;2;2;0.1111111111111111;0.2222222222222222;0.2222222222222222;1;0.1111111111111111;5;1
src\main\java\io\vertx\core\http\impl\StatisticsGatheringHttpClientStream.java;169;6;3;0;61;0;4;3;12;4.0;4;0.07100591715976332;3;0;0;0;0;0;0;0.0;0;0.8571428571428571;0.9285714285714286;0;0;0;0;0;0.0;0.0;0.0;0;0.0;0;1
src\main\java\io\vertx\core\http\impl\UnpooledHttpClientConnection.java;195;5;2;0;70;0;10;3;17;5.666666666666667;8;0.08717948717948718;4;1;2;1;2;0;0;0.0;0;0.5757575757575758;0.7878787878787878;0;0;3;4;4;0.1;0.13333333333333333;0.13333333333333333;2;0.5;1;1
src\main\java\io\vertx\core\http\impl\VertxHttp2ClientUpgradeCodec.java;41;2;1;0;7;3;1;0;0;0.0;0;0.0;0;0;0;0;0;0;0;0.0;0;-1.0;0.0;0;0;0;0;0;0.0;0.0;0.0;0;0.0;0;0
src\main\java\io\vertx\core\http\impl\VertxHttp2ConnectionHandler.java;376;32;0;0;61;872;9;7;27;3.857142857142857;7;0.07180851063829788;9;1;1;0;0;0;0;0.0;0;-0.75;0.125;0;5;7;33;33;0.1346153846153846;0.6346153846153846;0.6346153846153846;8;0.7272727272727273;2;1
src\main\java\io\vertx\core\http\impl\VertxHttp2ConnectionHandlerBuilder.java;129;4;0;0;24;49;2;0;0;0.0;0;0.0;0;0;0;0;0;0;0;0.0;0;-0.7142857142857143;0.14285714285714285;0;0;0;4;4;0.0;0.16666666666666666;0.16666666666666666;5;1.0;0;0
src\main\java\io\vertx\core\http\impl\VertxHttp2Stream.java;269;19;1;2;70;499;15;8;35;4.375;17;0.13011152416356878;12;2;4;1;3;0;0;0.0;0;-0.9;0.05;0;1;3;13;13;0.06666666666666667;0.28888888888888886;0.28888888888888886;6;0.5;3;1
src\main\java\io\vertx\core\http\impl\VertxHttpRequestDecoder.java;33;3;0;0;7;1;3;0;0;0.0;0;0.0;0;0;0;0;0;0;0;0.0;0;0.0;0.0;0;0;0;0;0;0.0;0.0;0.0;0;0.0;0;0
src\main\java\io\vertx\core\http\impl\VertxHttpResponseEncoder.java;47;12;0;0;6;6;1;0;0;0.0;0;0.0;0;0;0;0;0;0;0;0.0;0;0.0;0.0;0;2;0;0;0;0.0;0.0;0.0;0;0.0;0;0
src\main\java\io\vertx\core\http\impl\WebSocketClientImpl.java;120;13;3;0;50;49;16;4;20;5.0;8;0.16666666666666666;7;0;0;0;0;0;0;0.0;0;0.0;0.5;0;0;0;0;0;0.0;0.0;0.0;0;0.0;3;1
src\main\java\io\vertx\core\http\impl\WebSocketConnection.java;197;32;3;0;28;63;10;5;14;2.8;7;0.07106598984771574;5;2;3;2;2;0;0;0.0;0;-0.8260869565217391;0.08695652173913043;0;11;3;7;7;0.21428571428571427;0.5;0.5;6;0.6666666666666666;0;1
src\main\java\io\vertx\core\http\impl\WebSocketEndpoint.java;129;12;2;0;43;7;16;4;44;11.0;32;0.34108527131782945;8;0;0;0;0;0;0;0.0;0;-1.0;0.0;0;0;2;2;2;0.3333333333333333;0.3333333333333333;0.3333333333333333;1;0.1111111111111111;2;1
src\main\java\io\vertx\core\http\impl\WebSocketHandshakeInboundHandler.java;97;11;0;0;4;0;0;1;14;14.0;14;0.14432989690721648;3;1;1;0;0;0;0;0.0;0;-1.0;0.0;0;3;2;3;3;0.5;0.75;0.75;3;0.6;1;1
src\main\java\io\vertx\core\http\impl\WebSocketImpl.java;27;2;6;0;4;1;3;0;0;0.0;0;0.0;0;0;0;0;0;0;0;0.0;0;0.3333333333333333;0.6666666666666666;0;0;0;1;1;0.0;0.5;0.5;1;1.0;0;0
src\main\java\io\vertx\core\http\impl\WebSocketImplBase.java;625;68;5;2;115;1480;20;2;2;1.0;1;0.0032;2;0;0;0;0;0;0;0.0;0;-0.48148148148148145;0.25925925925925924;0;0;6;20;20;0.09230769230769231;0.3076923076923077;0.3076923076923077;22;0.7333333333333333;0;1
src\main\java\io\vertx\core\http\impl\WebSocketInternal.java;8;1;4;1;1;0;0;0;0;0.0;0;0.0;0;0;0;0;0;0;0;0.0;0;0.0;0.0;0;0;0;0;0;0.0;0.0;0.0;0;0.0;0;0
src\main\java\io\vertx\core\http\impl\ws\WebSocketFrameImpl.java;170;8;2;0;33;321;3;0;0;0.0;0;0.0;0;0;0;0;0;0;0;0.0;0;-0.8571428571428571;0.07142857142857142;0;0;1;13;13;0.03333333333333333;0.43333333333333335;0.43333333333333335;4;0.6666666666666666;0;0
src\main\java\io\vertx\core\http\impl\ws\WebSocketFrameInternal.java;9;1;1;1;4;6;1;0;0;0.0;0;0.0;0;0;0;0;0;0;0;0.0;0;0.0;0.0;0;0;0;0;0;0.0;0.0;0.0;0;0.0;0;0
src\main\java\io\vertx\core\http\package-info.java;1;1;1;0;0;0;0;0;0;0.0;0;0.0;0;0;0;0;0;0;0;0.0;0;0.0;0.0;0;0;0;0;0;0.0;0.0;0.0;0;0.0;0;0
src\main\java\io\vertx\core\http\PoolOptions.java;83;3;1;0;12;55;4;0;0;0.0;0;0.0;0;0;0;0;0;0;0;0.0;0;-0.875;0.0625;0;0;0;5;5;0.0;0.45454545454545453;0.45454545454545453;5;0.5;0;0
src\main\java\io\vertx\core\http\RequestOptions.java;285;22;2;1;73;608;12;0;0;0.0;0;0.0;0;0;0;0;0;0;0;0.0;0;-0.5;0.25;0;3;2;16;16;0.05405405405405406;0.43243243243243246;0.43243243243243246;8;0.4444444444444444;0;0
src\main\java\io\vertx\core\http\ServerWebSocket.java;55;1;4;2;23;210;5;0;0;0.0;0;0.0;0;0;0;0;0;0;0;0.0;0;1.0;1.0;0;0;0;0;0;0.0;0.0;0.0;0;0.0;0;0
src\main\java\io\vertx\core\http\StreamPriority.java;80;8;1;0;15;9;3;0;0;0.0;0;0.0;0;0;0;0;0;0;0;0.0;0;-0.875;0.0625;0;0;0;7;7;0.0;0.7;0.7;3;0.5;0;0
src\main\java\io\vertx\core\http\StreamResetException.java;16;1;5;0;1;0;2;0;0;0.0;0;0.0;0;0;0;0;0;0;0;0.0;0;-1.0;0.0;0;0;0;0;0;0.0;0.0;0.0;0;0.0;0;0
src\main\java\io\vertx\core\http\UpgradeRejectedException.java;24;1;5;0;3;3;0;0;0;0.0;0;0.0;0;0;0;0;0;0;0;0.0;0;-1.0;0.0;0;0;0;0;0;0.0;0.0;0.0;0;0.0;0;0
src\main\java\io\vertx\core\http\WebSocket.java;40;1;3;4;14;91;5;0;0;0.0;0;0.0;0;0;0;0;0;0;0;0.0;0;1.0;1.0;0;0;0;0;0;0.0;0.0;0.0;0;0.0;0;0
src\main\java\io\vertx\core\http\WebSocketBase.java;99;1;2;1;43;903;5;0;0;0.0;0;0.0;0;0;0;0;0;0;0;0.0;0;1.0;1.0;0;0;0;0;0;0.0;0.0;0.0;0;0.0;0;0
src\main\java\io\vertx\core\http\WebSocketClient.java;31;1;1;2;13;45;4;0;0;0.0;0;0.0;0;0;0;0;0;0;0;0.0;0;0.0;0.0;0;0;0;0;0;0.0;0.0;0.0;0;0.0;0;0
src\main\java\io\vertx\core\http\WebSocketClientOptions.java;353;3;4;0;109;2395;6;0;0;0.0;0;0.0;0;0;0;0;0;0;0;0.0;0;-0.9565217391304348;0.021739130434782608;0;0;1;11;11;0.014285714285714285;0.15714285714285714;0.15714285714285714;15;0.5555555555555556;0;0
src\main\java\io\vertx\core\http\WebSocketConnectOptions.java;221;12;3;0;67;559;6;0;0;0.0;0;0.0;0;0;0;0;0;0;0;0.0;0;-0.46153846153846156;0.2692307692307692;0;0;1;6;6;0.029411764705882353;0.17647058823529413;0.17647058823529413;5;0.5;0;0
src\main\java\io\vertx\core\http\WebSocketFrame.java;36;1;0;1;21;120;4;0;0;0.0;0;0.0;0;0;0;0;0;0;0;0.0;0;1.0;1.0;0;0;0;0;0;0.0;0.0;0.0;0;0.0;0;0
src\main\java\io\vertx\core\http\WebSocketFrameType.java;11;1;1;0;0;0;0;0;0;0.0;0;0.0;0;0;0;0;0;0;0;0.0;0;0.0;0.0;0;0;0;0;0;0.0;0.0;0.0;0;0.0;0;0
src\main\java\io\vertx\core\http\WebsocketVersion.java;6;1;1;0;0;0;0;0;0;0.0;0;0.0;0;0;0;0;0;0;0;0.0;0;0.0;0.0;0;0;0;0;0;0.0;0.0;0.0;0;0.0;0;0
src\main\java\io\vertx\core\impl\Args.java;39;8;1;0;6;0;0;0;0;0.0;0;0.0;0;0;0;0;0;0;0;0.0;0;-1.0;0.0;0;0;0;0;0;0.0;0.0;0.0;0;0.0;0;0
src\main\java\io\vertx\core\impl\Arguments.java;13;4;1;0;2;1;22;0;0;0.0;0;0.0;0;0;0;0;0;0;0;0.0;0;0.0;0.0;0;0;0;0;0;0.0;0.0;0.0;0;0.0;0;0
src\main\java\io\vertx\core\impl\btc\BlockedThreadChecker.java;69;6;1;0;27;4;4;0;0;0.0;0;0.0;0;0;0;0;0;0;0;0.0;0;-0.6666666666666666;0.16666666666666666;0;0;0;1;1;0.0;0.2;0.2;1;0.2;0;0
src\main\java\io\vertx\core\impl\btc\BlockedThreadEvent.java;29;1;1;0;6;4;1;0;0;0.0;0;0.0;0;0;0;0;0;0;0;0.0;0;-1.0;0.0;0;0;0;0;0;0.0;0.0;0.0;0;0.0;0;0
src\main\java\io\vertx\core\impl\btc\ThreadInfo.java;11;1;1;0;0;0;2;0;0;0.0;0;0.0;0;0;0;0;0;0;0;0.0;0;-1.0;0.0;0;0;0;0;0;0.0;0.0;0.0;1;0.3333333333333333;0;0
src\main\java\io\vertx\core\impl\CloseFuture.java;120;17;2;0;21;10;11;1;6;6.0;6;0.05;2;0;0;0;0;0;0;0.0;0;-0.5384615384615384;0.23076923076923078;0;3;3;5;5;0.375;0.625;0.625;2;0.5;1;1
src\main\java\io\vertx\core\impl\CloseSequence.java;87;11;2;0;14;5;10;1;23;23.0;23;0.26436781609195403;5;1;1;1;1;0;0;0.0;0;-0.7647058823529411;0.11764705882352941;0;0;2;3;3;0.3333333333333333;0.5;0.5;2;0.5;1;1
src\main\java\io\vertx\core\impl\ClusterSerializableUtils.java;19;2;1;0;7;0;4;0;0;0.0;0;0.0;0;0;0;0;0;0;0;0.0;0;0.0;0.0;0;0;0;0;0;0.0;0.0;0.0;0;0.0;0;0
src\main\java\io\vertx\core\impl\ContextBase.java;36;4;1;2;6;0;2;0;0;0.0;0;0.0;0;0;0;0;0;0;0;0.0;0;0.0;0.5;0;0;0;0;0;0.0;0.0;0.0;0;0.0;0;0
src\main\java\io\vertx\core\impl\ContextImpl.java;239;20;2;0;59;419;18;5;23;4.6;10;0.09623430962343096;8;0;0;0;0;0;0;0.0;0;0.05555555555555555;0.5277777777777778;0;0;2;4;4;0.06451612903225806;0.12903225806451613;0.12903225806451613;2;0.125;2;1
src\main\java\io\vertx\core\impl\ContextInternal.java;195;11;1;2;75;1485;87;1;1;1.0;1;0.005128205128205128;1;0;0;0;0;0;0;0.0;0;1.0;1.0;0;2;0;0;0;0.0;0.0;0.0;0;0.0;0;1
src\main\java\io\vertx\core\impl\ContextLocalImpl.java;11;1;1;0;1;0;2;0;0;0.0;0;0.0;0;0;0;0;0;0;0;0.0;0;-1.0;0.0;0;0;0;0;0;0.0;0.0;0.0;0;0.0;0;0
src\main\java\io\vertx\core\impl\ConversionHelper.java;87;19;1;0;21;19;3;2;4;2.0;3;0.04597701149425287;2;0;0;0;0;0;0;0.0;0;0.0;0.5;0;12;0;0;0;0.0;0.0;0.0;0;0.0;0;1
src\main\java\io\vertx\core\impl\cpu\CpuCoreSensor.java;56;17;1;0;14;3;2;1;1;1.0;1;0.017857142857142856;1;0;0;0;0;0;0;0.0;0;-1.0;0.0;0;0;0;0;0;0.0;0.0;0.0;0;0.0;0;1
src\main\java\io\vertx\core\impl\Deployment.java;22;1;0;1;11;55;4;0;0;0.0;0;0.0;0;0;0;0;0;0;0;0.0;0;1.0;1.0;0;0;0;0;0;0.0;0.0;0.0;0;0.0;0;0
src\main\java\io\vertx\core\impl\DeploymentManager.java;376;49;1;0;105;57;17;14;114;8.142857142857142;30;0.30319148936170215;33;1;1;1;1;0;0;0.0;0;-0.6744186046511628;0.16279069767441862;0;0;3;5;5;0.13043478260869565;0.21739130434782608;0.21739130434782608;3;0.15;5;1
src\main\java\io\vertx\core\impl\DuplicatedContext.java;128;4;2;0;48;0;3;0;0;0.0;0;0.0;0;0;0;0;0;0;0;0.0;0;0.9166666666666666;0.9583333333333334;0;0;0;0;0;0.0;0.0;0.0;0;0.0;0;0
src\main\java\io\vertx\core\impl\EventExecutor.java;5;1;1;2;1;0;1;0;0;0.0;0;0.0;0;0;0;0;0;0;0;0.0;0;0.0;0.0;0;0;0;0;0;0.0;0.0;0.0;0;0.0;0;0
src\main\java\io\vertx\core\impl\EventLoopExecutor.java;16;1;2;0;2;0;0;0;0;0.0;0;0.0;0;0;0;0;0;0;0;0.0;0;0.0;0.5;0;0;0;0;0;0.0;0.0;0.0;0;0.0;0;0
src\main\java\io\vertx\core\impl\FailoverCompleteHandler.java;5;1;0;0;1;0;1;0;0;0.0;0;0.0;0;0;0;0;0;0;0;0.0;0;1.0;1.0;0;0;0;0;0;0.0;0.0;0.0;0;0.0;0;0
src\main\java\io\vertx\core\impl\future\CompositeFutureImpl.java;200;29;5;0;34;122;3;0;0;0.0;0;0.0;0;0;0;0;0;0;0;0.0;0;-0.7272727272727273;0.13636363636363635;0;1;3;3;3;0.15;0.15;0.15;3;0.375;0;0
src\main\java\io\vertx\core\impl\future\Composition.java;47;3;6;0;9;3;2;0;0;0.0;0;0.0;0;0;0;0;0;0;0;0.0;0;-1.0;0.0;0;0;0;0;0;0.0;0.0;0.0;0;0.0;0;0
src\main\java\io\vertx\core\impl\future\Eventually.java;52;3;6;0;10;0;2;0;0;0.0;0;0.0;0;0;0;0;0;0;0;0.0;0;-1.0;0.0;0;0;0;0;0;0.0;0.0;0.0;0;0.0;0;0
src\main\java\io\vertx\core\impl\future\Expect.java;34;5;6;0;6;1;2;0;0;0.0;0;0.0;0;0;0;0;0;0;0;0.0;0;-1.0;0.0;0;0;0;0;0;0.0;0.0;0.0;0;0.0;0;0
src\main\java\io\vertx\core\impl\future\FailedFuture.java;90;5;4;0;18;67;3;0;0;0.0;0;0.0;0;0;0;0;0;0;0;0.0;0;0.6;0.8;0;1;0;0;0;0.0;0.0;0.0;0;0.0;0;0
src\main\java\io\vertx\core\impl\future\FixedMapping.java;17;1;6;0;4;1;1;0;0;0.0;0;0.0;0;0;0;0;0;0;0;0.0;0;-1.0;0.0;0;0;0;0;0;0.0;0.0;0.0;0;0.0;0;0
src\main\java\io\vertx\core\impl\future\FixedOtherwise.java;17;1;6;0;3;1;1;0;0;0.0;0;0.0;0;0;0;0;0;0;0;0.0;0;-1.0;0.0;0;0;0;0;0;0.0;0.0;0.0;0;0.0;0;0
src\main\java\io\vertx\core\impl\future\FutureBase.java;142;11;3;4;29;0;8;3;20;6.666666666666667;8;0.14084507042253522;5;0;0;0;0;0;0;0.0;0;0.09090909090909091;0.5454545454545454;0;0;0;0;0;0.0;0.0;0.0;0;0.0;2;1
src\main\java\io\vertx\core\impl\future\FutureImpl.java;266;38;4;4;38;22;14;0;0;0.0;0;0.0;0;0;0;0;0;0;0;0.0;0;-0.52;0.24;0;9;2;9;9;0.08;0.36;0.36;2;0.5;0;0
src\main\java\io\vertx\core\impl\future\FutureInternal.java;8;1;2;2;3;3;5;0;0;0.0;0;0.0;0;0;0;0;0;0;0;0.0;0;0.0;0.0;0;0;0;0;0;0.0;0.0;0.0;0;0.0;0;0
src\main\java\io\vertx\core\impl\future\Listener.java;5;1;0;11;2;1;3;0;0;0.0;0;0.0;0;0;0;0;0;0;0;0.0;0;0.0;0.0;0;0;0;0;0;0.0;0.0;0.0;0;0.0;0;0
src\main\java\io\vertx\core\impl\future\Mapping.java;25;2;6;0;5;1;1;0;0;0.0;0;0.0;0;0;0;0;0;0;0;0.0;0;-1.0;0.0;0;0;0;0;0;0.0;0.0;0.0;0;0.0;0;0
src\main\java\io\vertx\core\impl\future\Operation.java;7;1;5;8;0;0;0;0;0;0.0;0;0.0;0;0;0;0;0;0;0;0.0;0;0.0;0.0;0;0;0;0;0;0.0;0.0;0.0;0;0.0;0;0
src\main\java\io\vertx\core\impl\future\Otherwise.java;25;2;6;0;5;1;1;0;0;0.0;0;0.0;0;0;0;0;0;0;0;0.0;0;-1.0;0.0;0;0;0;0;0;0.0;0.0;0.0;0;0.0;0;0
src\main\java\io\vertx\core\impl\future\PromiseImpl.java;39;3;5;0;8;10;1;0;0;0.0;0;0.0;0;0;0;0;0;0;0;0.0;0;0.0;0.0;0;0;0;0;0;0.0;0.0;0.0;0;0.0;0;0
src\main\java\io\vertx\core\impl\future\PromiseInternal.java;8;1;3;1;1;0;5;0;0;0.0;0;0.0;0;0;0;0;0;0;0;0.0;0;0.0;0.0;0;0;0;0;0;0.0;0.0;0.0;0;0.0;0;0
src\main\java\io\vertx\core\impl\future\SucceededFuture.java;86;4;4;0;18;67;4;0;0;0.0;0;0.0;0;0;0;0;0;0;0;0.0;0;0.6;0.8;0;1;0;0;0;0.0;0.0;0.0;0;0.0;0;0
src\main\java\io\vertx\core\impl\future\Transformation.java;46;3;6;0;11;1;3;0;0;0.0;0;0.0;0;0;0;0;0;0;0;0.0;0;-1.0;0.0;0;0;0;0;0;0.0;0.0;0.0;0;0.0;0;0
src\main\java\io\vertx\core\impl\HAManager.java;428;67;1;0;99;18;17;19;158;8.31578947368421;20;0.3691588785046729;39;3;3;1;1;0;0;0.0;0;-0.5;0.25;0;0;5;12;12;0.19230769230769232;0.46153846153846156;0.46153846153846156;7;0.3684210526315789;12;1
src\main\java\io\vertx\core\impl\HostnameResolver.java;148;10;1;0;48;72;13;1;11;11.0;11;0.07432432432432433;3;0;0;0;0;0;0;0.0;0;-0.5714285714285714;0.21428571428571427;0;1;0;0;0;0.0;0.0;0.0;0;0.0;1;1
src\main\java\io\vertx\core\impl\JavaVerticleFactory.java;30;3;1;0;10;1;3;1;1;1.0;1;0.03333333333333333;1;0;0;0;0;0;0;0.0;0;-1.0;0.0;0;0;0;0;0;0.0;0.0;0.0;0;0.0;0;1
src\main\java\io\vertx\core\impl\LocalSeq.java;14;1;1;0;6;0;2;0;0;0.0;0;0.0;0;0;0;0;0;0;0;0.0;0;1.0;1.0;0;0;0;0;0;0.0;0.0;0.0;0;0.0;0;0
src\main\java\io\vertx\core\impl\logging\Logger.java;17;1;0;1;14;91;29;0;0;0.0;0;0.0;0;0;0;0;0;0;0;0.0;0;0.0;0.0;0;0;0;0;0;0.0;0.0;0.0;0;0.0;0;0
src\main\java\io\vertx\core\impl\logging\LoggerAdapter.java;67;1;1;0;29;0;1;0;0;0.0;0;0.0;0;0;0;0;0;0;0;0.0;0;0.8666666666666667;0.9333333333333333;0;0;0;0;0;0.0;0.0;0.0;0;0.0;0;0
src\main\java\io\vertx\core\impl\logging\LoggerFactory.java;54;11;1;0;19;0;35;0;0;0.0;0;0.0;0;0;0;0;0;0;0;0.0;0;-1.0;0.0;0;0;2;3;3;0.5;0.75;0.75;1;1.0;0;0
src\main\java\io\vertx\core\impl\NestedCloseable.java;4;1;1;2;0;0;2;0;0;0.0;0;0.0;0;0;0;0;0;0;0;0.0;0;0.0;0.0;0;0;0;0;0;0.0;0.0;0.0;1;1.0;0;0
src\main\java\io\vertx\core\impl\NoStackTraceException.java;10;1;5;0;0;0;0;0;0;0.0;0;0.0;0;0;0;0;0;0;0;0.0;0;0.0;0.0;0;0;0;0;0;0.0;0.0;0.0;0;0.0;0;0
src\main\java\io\vertx\core\impl\NoStackTraceThrowable.java;6;1;2;1;0;0;0;0;0;0.0;0;0.0;0;0;0;0;0;0;0;0.0;0;0.0;0.0;0;0;0;0;0;0.0;0.0;0.0;0;0.0;0;0
src\main\java\io\vertx\core\impl\NoStackTraceTimeoutException.java;11;1;4;0;1;0;0;0;0;0.0;0;0.0;0;0;0;0;0;0;0;0.0;0;0.0;0.0;0;0;0;0;0;0.0;0.0;0.0;0;0.0;0;0
src\main\java\io\vertx\core\impl\SerializableUtils.java;28;3;1;0;7;1;2;0;0;0.0;0;0.0;0;0;0;0;0;0;0;0.0;0;1.0;1.0;0;0;0;0;0;0.0;0.0;0.0;0;0.0;0;0
src\main\java\io\vertx\core\impl\SharedResourceHolder.java;71;5;1;0;16;1;7;3;19;6.333333333333333;9;0.2676056338028169;6;0;0;0;0;0;1;1.0;1;-0.4;0.3;0;0;0;0;0;0.0;0.0;0.0;0;0.0;2;1
src\main\java\io\vertx\core\impl\SysProps.java;35;2;1;0;6;0;7;0;0;0.0;0;0.0;0;0;0;0;0;0;0;0.0;0;-1.0;0.0;0;0;0;0;0;0.0;0.0;0.0;0;0.0;0;0
src\main\java\io\vertx\core\impl\TaskQueue.java;135;14;1;2;16;0;4;1;4;4.0;4;0.02962962962962963;1;0;0;0;0;0;0;0.0;0;-0.68;0.16;0;1;5;6;6;0.8333333333333334;1.0;1.0;2;0.18181818181818182;0;1
src\main\java\io\vertx\core\impl\ThreadPerTaskExecutorService.java;76;11;3;0;23;5;0;1;12;12.0;12;0.15789473684210525;5;0;0;0;0;0;0;0.0;0;-0.3333333333333333;0.3333333333333333;0;0;0;0;0;0.0;0.0;0.0;0;0.0;1;1
src\main\java\io\vertx\core\impl\TimerImpl.java;23;2;5;0;3;1;1;0;0;0.0;0;0.0;0;0;0;0;0;0;0;0.0;0;-1.0;0.0;0;0;0;0;0;0.0;0.0;0.0;0;0.0;0;0
src\main\java\io\vertx\core\impl\transports\EpollTransport.java;120;11;1;0;24;99;4;0;0;0.0;0;0.0;0;0;0;0;0;0;0;0.0;0;0.5;0.75;0;1;1;3;3;0.06666666666666667;0.2;0.2;1;1.0;0;0
src\main\java\io\vertx\core\impl\transports\JDKTransport.java;46;6;1;0;5;10;1;0;0;0.0;0;0.0;0;0;0;0;0;0;0;0.0;0;1.0;1.0;0;0;0;0;0;0.0;0.0;0.0;0;0.0;0;0
src\main\java\io\vertx\core\impl\transports\KQueueTransport.java;89;6;1;0;17;66;3;0;0;0.0;0;0.0;0;0;0;0;0;0;0;0.0;0;1.0;1.0;0;1;0;0;0;0.0;0.0;0.0;0;0.0;0;0
src\main\java\io\vertx\core\impl\utils\ConcurrentCyclicSequence.java;123;13;1;0;22;0;2;0;0;0.0;0;0.0;0;0;0;0;0;0;0;0.0;0;-0.7333333333333333;0.13333333333333333;0;0;2;4;4;0.14285714285714285;0.2857142857142857;0.2857142857142857;2;0.3333333333333333;0;0
src\main\java\io\vertx\core\impl\Utils.java;21;1;1;0;4;3;7;0;0;0.0;0;0.0;0;0;0;0;0;0;0;0.0;0;-1.0;0.0;0;0;0;0;0;0.0;0.0;0.0;1;0.3333333333333333;0;0
src\main\java\io\vertx\core\impl\verticle\CompilingClassLoader.java;78;12;2;0;26;3;6;0;0;0.0;0;0.0;0;0;0;0;0;0;0;0.0;0;-1.0;0.0;0;0;0;0;0;0.0;0.0;0.0;0;0.0;0;0
src\main\java\io\vertx\core\impl\verticle\CustomJavaFileObject.java;70;3;2;0;23;103;1;0;0;0.0;0;0.0;0;0;0;0;0;0;0;0.0;0;-0.2;0.4;0;0;0;0;0;0.0;0.0;0.0;0;0.0;0;0
src\main\java\io\vertx\core\impl\verticle\JavaSourceContext.java;56;9;1;0;16;3;1;0;0;0.0;0;0.0;0;0;0;0;0;0;0;0.0;0;-1.0;0.0;0;0;0;0;0;0.0;0.0;0.0;0;0.0;0;0
src\main\java\io\vertx\core\impl\verticle\MemoryFileManager.java;61;6;4;0;13;4;3;0;0;0.0;0;0.0;0;0;0;0;0;0;0;0.0;0;0.3333333333333333;0.6666666666666666;0;1;0;0;0;0.0;0.0;0.0;0;0.0;0;0
src\main\java\io\vertx\core\impl\verticle\PackageHelper.java;65;11;1;0;28;1;2;0;0;0.0;0;0.0;0;0;0;0;0;0;0;0.0;0;-1.0;0.0;0;0;0;0;0;0.0;0.0;0.0;0;0.0;0;0
src\main\java\io\vertx\core\impl\VerticleManager.java;166;20;1;0;47;35;10;4;7;1.75;4;0.04216867469879518;4;0;0;0;0;0;0;0.0;0;-0.8571428571428571;0.07142857142857142;0;0;0;0;0;0.0;0.0;0.0;0;0.0;0;1
src\main\java\io\vertx\core\impl\VertxBuilder.java;268;30;1;0;52;495;17;0;0;0.0;0;0.0;0;0;0;0;0;0;0;0.0;0;-0.6;0.2;0;2;4;21;21;0.11428571428571428;0.6;0.6;12;0.9230769230769231;0;0
src\main\java\io\vertx\core\impl\VertxImpl.java;1053;101;3;0;283;5404;43;30;170;5.666666666666667;41;0.16144349477682812;49;4;4;1;1;0;0;0.0;0;-0.46534653465346537;0.26732673267326734;0;5;4;8;8;0.034482758620689655;0.06896551724137931;0.06896551724137931;7;0.12727272727272726;10;1
src\main\java\io\vertx\core\impl\VertxInternal.java;99;1;2;2;59;1485;41;0;0;0.0;0;0.0;0;0;0;0;0;0;0;0.0;0;1.0;1.0;0;0;0;0;0;0.0;0.0;0.0;0;0.0;0;0
src\main\java\io\vertx\core\impl\VertxThread.java;40;3;0;0;8;0;4;0;0;0.0;0;0.0;0;0;0;0;0;0;0;0.0;0;-1.0;0.0;0;0;0;3;3;0.0;0.42857142857142855;0.42857142857142855;2;0.5;0;0
src\main\java\io\vertx\core\impl\VertxWrapper.java;375;2;3;0;155;0;3;0;0;0.0;0;0.0;0;0;0;0;0;0;0;0.0;0;0.9714285714285714;0.9857142857142858;0;0;0;0;0;0.0;0.0;0.0;0;0.0;0;0
src\main\java\io\vertx\core\impl\WorkerExecutor.java;68;8;2;0;23;8;6;2;19;9.5;18;0.27941176470588236;6;0;0;0;0;0;0;0.0;0;-0.14285714285714285;0.42857142857142855;0;1;0;0;0;0.0;0.0;0.0;0;0.0;1;1
src\main\java\io\vertx\core\impl\WorkerExecutorImpl.java;46;3;3;0;12;0;5;0;0;0.0;0;0.0;0;0;0;0;0;0;0;0.0;0;-0.5;0.25;0;1;0;0;0;0.0;0.0;0.0;0;0.0;0;0
src\main\java\io\vertx\core\impl\WorkerExecutorInternal.java;8;1;2;1;2;1;0;0;0;0.0;0;0.0;0;0;0;0;0;0;0;0.0;0;0.0;0.0;0;0;0;0;0;0.0;0.0;0.0;0;0.0;0;0
src\main\java\io\vertx\core\impl\WorkerPool.java;23;2;1;0;5;0;8;0;0;0.0;0;0.0;0;0;0;0;0;0;0;0.0;0;-0.3333333333333333;0.3333333333333333;0;0;0;0;0;0.0;0.0;0.0;0;0.0;0;0
src\main\java\io\vertx\core\json\DecodeException.java;11;1;4;0;0;0;0;0;0;0.0;0;0.0;0;0;0;0;0;0;0;0.0;0;0.0;0.0;0;0;0;0;0;0.0;0.0;0.0;0;0.0;0;0
src\main\java\io\vertx\core\json\EncodeException.java;11;1;4;0;0;0;0;0;0;0.0;0;0.0;0;0;0;0;0;0;0;0.0;0;0.0;0.0;0;0;0;0;0;0.0;0.0;0.0;0;0.0;0;0
src\main\java\io\vertx\core\json\impl\JsonUtil.java;67;20;1;0;18;3;4;2;4;2.0;3;0.05970149253731343;2;0;0;0;0;0;0;0.0;0;-0.8333333333333334;0.08333333333333333;0;17;0;0;0;0.0;0.0;0.0;0;0.0;0;1
src\main\java\io\vertx\core\json\jackson\BufferDeserializer.java;21;2;0;0;3;0;1;0;0;0.0;0;0.0;0;0;0;0;0;0;0;0.0;0;0.0;0.0;0;0;0;0;0;0.0;0.0;0.0;0;0.0;0;0
src\main\java\io\vertx\core\json\jackson\BufferSerializer.java;13;1;0;0;3;0;1;0;0;0.0;0;0.0;0;0;0;0;0;0;0;0.0;0;0.0;0.0;0;0;0;0;0;0.0;0.0;0.0;0;0.0;0;0
src\main\java\io\vertx\core\json\jackson\ByteArrayDeserializer.java;20;2;0;0;2;0;0;0;0;0.0;0;0.0;0;0;0;0;0;0;0;0.0;0;0.0;0.0;0;0;0;0;0;0.0;0.0;0.0;0;0.0;0;0
src\main\java\io\vertx\core\json\jackson\ByteArraySerializer.java;12;1;0;0;2;0;0;0;0;0.0;0;0.0;0;0;0;0;0;0;0;0.0;0;0.0;0.0;0;0;0;0;0;0.0;0.0;0.0;0;0.0;0;0
src\main\java\io\vertx\core\json\jackson\DatabindCodec.java;149;17;2;0;19;93;3;0;0;0.0;0;0.0;0;0;0;0;0;0;0;0.0;0;-1.0;0.0;0;2;0;0;0;0.0;0.0;0.0;0;0.0;0;0
src\main\java\io\vertx\core\json\jackson\HybridJacksonPool.java;174;17;1;0;32;14;1;1;4;4.0;4;0.022988505747126436;2;0;0;0;0;0;0;0.0;0;-0.7777777777777778;0.1111111111111111;0;1;0;0;0;0.0;0.0;0.0;2;0.125;1;1
src\main\java\io\vertx\core\json\jackson\InstantDeserializer.java;21;2;0;0;3;0;0;0;0;0.0;0;0.0;0;0;0;0;0;0;0;0.0;0;0.0;0.0;0;0;0;0;0;0.0;0.0;0.0;0;0.0;0;0
src\main\java\io\vertx\core\json\jackson\InstantSerializer.java;13;1;0;0;2;0;0;0;0;0.0;0;0.0;0;0;0;0;0;0;0;0.0;0;0.0;0.0;0;0;0;0;0;0.0;0.0;0.0;0;0.0;0;0
src\main\java\io\vertx\core\json\jackson\JacksonCodec.java;413;88;1;1;63;366;8;0;0;0.0;0;0.0;0;0;0;0;0;0;0;0.0;0;-0.8571428571428571;0.07142857142857142;0;29;0;0;0;0.0;0.0;0.0;0;0.0;0;0
src\main\java\io\vertx\core\json\jackson\JacksonFactory.java;19;2;1;0;1;0;3;0;0;0.0;0;0.0;0;0;0;0;0;0;0;0.0;0;-1.0;0.0;0;0;0;0;0;0.0;0.0;0.0;0;0.0;0;0
src\main\java\io\vertx\core\json\jackson\JsonArrayDeserializer.java;13;1;0;0;1;0;0;0;0;0.0;0;0.0;0;0;0;0;0;0;0;0.0;0;1.0;1.0;0;0;0;0;0;0.0;0.0;0.0;0;0.0;0;0
src\main\java\io\vertx\core\json\jackson\JsonArraySerializer.java;12;1;0;0;2;0;1;0;0;0.0;0;0.0;0;0;0;0;0;0;0;0.0;0;1.0;1.0;0;0;0;0;0;0.0;0.0;0.0;0;0.0;0;0
src\main\java\io\vertx\core\json\jackson\JsonObjectDeserializer.java;15;1;0;0;1;0;0;0;0;0.0;0;0.0;0;0;0;0;0;0;0;0.0;0;1.0;1.0;0;0;0;0;0;0.0;0.0;0.0;0;0.0;0;0
src\main\java\io\vertx\core\json\jackson\JsonObjectSerializer.java;12;1;0;0;2;0;1;0;0;0.0;0;0.0;0;0;0;0;0;0;0;0.0;0;1.0;1.0;0;0;0;0;0;0.0;0.0;0.0;0;0.0;0;0
src\main\java\io\vertx\core\json\jackson\VertxModule.java;20;1;0;0;0;0;0;0;0;0.0;0;0.0;0;0;0;0;0;0;0;0.0;0;0.0;0.0;0;0;0;0;0;0.0;0.0;0.0;0;0.0;0;0
src\main\java\io\vertx\core\json\Json.java;33;1;1;0;15;8;6;0;0;0.0;0;0.0;0;0;0;0;0;0;0;0.0;0;1.0;1.0;0;0;0;0;0;0.0;0.0;0.0;0;0.0;0;0
src\main\java\io\vertx\core\json\JsonArray.java;350;60;1;0;89;0;11;0;0;0.0;0;0.0;0;0;0;0;0;0;0;0.0;0;0.3333333333333333;0.6666666666666666;0;27;2;32;32;0.044444444444444446;0.7111111111111111;0.7111111111111111;1;0.5;0;0
src\main\java\io\vertx\core\json\JsonObject.java;634;90;1;0;120;274;29;1;12;12.0;12;0.01892744479495268;5;0;0;0;0;0;0;0.0;0;0.3469387755102041;0.673469387755102;0;40;2;43;43;0.028169014084507043;0.6056338028169014;0.6056338028169014;1;0.25;1;1
src\main\java\io\vertx\core\json\pointer\impl\JsonPointerImpl.java;244;53;1;0;67;84;1;1;1;1.0;1;0.004098360655737705;1;0;0;0;0;0;2;0.6666666666666666;1;-0.45454545454545453;0.2727272727272727;0;0;0;16;16;0.0;0.6666666666666666;0.6666666666666666;2;0.6666666666666666;0;1
src\main\java\io\vertx\core\json\pointer\impl\JsonPointerIteratorImpl.java;79;13;1;0;17;45;2;0;0;0.0;0;0.0;0;0;0;0;0;0;0;0.0;0;0.0;0.0;0;4;0;0;0;0.0;0.0;0.0;0;0.0;0;0
src\main\java\io\vertx\core\json\pointer\JsonPointer.java;53;1;0;1;23;253;2;0;0;0.0;0;0.0;0;0;0;0;0;0;0;0.0;0;0.0;0.0;0;0;0;0;0;0.0;0.0;0.0;0;0.0;0;0
src\main\java\io\vertx\core\json\pointer\JsonPointerIterator.java;17;1;0;1;9;36;2;0;0;0.0;0;0.0;0;0;0;0;0;0;0;0.0;0;0.0;0.0;0;0;0;0;0;0.0;0.0;0.0;0;0.0;0;0
src\main\java\io\vertx\core\logging\JULLogDelegate.java;73;4;1;0;25;106;0;0;0;0.0;0;0.0;0;0;0;0;0;0;0;0.0;0;-1.0;0.0;0;0;0;0;0;0.0;0.0;0.0;0;0.0;0;0
src\main\java\io\vertx\core\logging\JULLogDelegateFactory.java;29;4;1;0;8;3;0;0;0;0.0;0;0.0;0;0;0;0;0;0;0;0.0;0;0.0;0.0;0;0;0;0;0;0.0;0.0;0.0;0;0.0;0;0
src\main\java\io\vertx\core\logging\Log4j2LogDelegate.java;83;2;1;0;19;106;0;0;0;0.0;0;0.0;0;0;0;0;0;0;0;0.0;0;-1.0;0.0;0;1;0;0;0;0.0;0.0;0.0;0;0.0;0;0
src\main\java\io\vertx\core\logging\Log4j2LogDelegateFactory.java;14;1;1;0;2;1;0;0;0;0.0;0;0.0;0;0;0;0;0;0;0;0.0;0;0.0;0.0;0;0;0;0;0;0.0;0.0;0.0;0;0.0;0;0
src\main\java\io\vertx\core\logging\SLF4JLogDelegate.java;76;2;1;0;17;0;0;0;0;0.0;0;0.0;0;0;0;0;0;0;0;0.0;0;-1.0;0.0;0;0;0;0;0;0.0;0.0;0.0;0;0.0;0;0
src\main\java\io\vertx\core\logging\SLF4JLogDelegateFactory.java;28;2;1;0;3;1;0;0;0;0.0;0;0.0;0;0;0;0;0;0;0;0.0;0;0.0;0.0;0;1;0;0;0;0.0;0.0;0.0;0;0.0;0;0
src\main\java\io\vertx\core\logging\VertxLoggerFormatter.java;37;3;2;0;20;1;1;0;0;0.0;0;0.0;0;0;0;0;0;0;0;0.0;0;0.0;0.0;0;0;0;0;0;0.0;0.0;0.0;0;0.0;0;0
src\main\java\io\vertx\core\metrics\impl\DummyVertxMetrics.java;26;1;2;0;0;0;0;0;0;0.0;0;0.0;0;0;0;0;0;0;0;0.0;0;0.0;0.0;0;0;0;0;0;0.0;0.0;0.0;0;0.0;0;0
src\main\java\io\vertx\core\metrics\Measured.java;8;1;0;11;1;0;2;0;0;0.0;0;0.0;0;0;0;0;0;0;0;0.0;0;0.0;0.0;0;0;0;0;0;0.0;0.0;0.0;0;0.0;0;0
src\main\java\io\vertx\core\metrics\MetricsOptions.java;44;2;1;0;5;4;3;0;0;0.0;0;0.0;0;0;0;0;0;0;0;0.0;0;-0.6666666666666666;0.16666666666666666;0;0;0;2;2;0.0;0.5;0.5;2;0.6666666666666666;0;0
src\main\java\io\vertx\core\metrics\package-info.java;1;1;1;0;0;0;0;0;0;0.0;0;0.0;0;0;0;0;0;0;0;0.0;0;0.0;0.0;0;0;0;0;0;0.0;0.0;0.0;0;0.0;0;0
src\main\java\io\vertx\core\MultiMap.java;100;3;1;3;40;406;23;3;3;1.0;1;0.03;4;0;0;0;0;0;2;1.0;1;0.5555555555555556;0.7777777777777778;0;0;0;0;0;0.0;0.0;0.0;0;0.0;1;1
src\main\java\io\vertx\core\net\Address.java;5;1;0;1;0;0;0;0;0;0.0;0;0.0;0;0;0;0;0;0;0;0.0;0;0.0;0.0;0;0;0;0;0;0.0;0.0;0.0;0;0.0;0;0
src\main\java\io\vertx\core\net\AddressResolver.java;6;1;0;1;1;0;1;0;0;0.0;0;0.0;0;0;0;0;0;0;0;0.0;0;0.0;0.0;0;0;0;0;0;0.0;0.0;0.0;0;0.0;0;0
src\main\java\io\vertx\core\net\ClientOptionsBase.java;227;6;3;3;80;1033;8;0;0;0.0;0;0.0;0;0;0;0;0;0;0;0.0;0;-0.7647058823529411;0.11764705882352941;0;0;1;6;6;0.021739130434782608;0.13043478260869565;0.13043478260869565;5;0.7142857142857143;0;0
src\main\java\io\vertx\core\net\ClientSSLOptions.java;83;1;2;0;23;87;8;0;0;0.0;0;0.0;0;0;0;0;0;0;0;0.0;0;-0.5;0.25;0;0;1;3;3;0.07142857142857142;0.21428571428571427;0.21428571428571427;2;0.5;0;0
src\main\java\io\vertx\core\net\ConnectOptions.java;93;4;1;0;16;120;2;0;0;0.0;0;0.0;0;0;0;0;0;0;0;0.0;0;-1.0;0.0;0;0;0;8;8;0.0;0.5;0.5;8;0.8888888888888888;0;0
src\main\java\io\vertx\core\net\endpoint\DefaultInteractionMetric.java;8;1;1;0;0;0;1;0;0;0.0;0;0.0;0;0;0;0;0;0;0;0.0;0;0.0;0.0;0;0;0;0;0;0.0;0.0;0.0;5;1.0;0;0
src\main\java\io\vertx\core\net\endpoint\DefaultInteractionMetrics.java;74;9;1;0;19;46;2;0;0;0.0;0;0.0;0;0;0;0;0;0;0;0.0;0;-1.0;0.0;0;0;0;0;0;0.0;0.0;0.0;0;0.0;0;0
src\main\java\io\vertx\core\net\endpoint\Endpoint.java;11;1;0;1;3;3;1;0;0;0.0;0;0.0;0;0;0;0;0;0;0;0.0;0;0.0;0.0;0;0;0;0;0;0.0;0.0;0.0;0;0.0;0;0
src\main\java\io\vertx\core\net\endpoint\EndpointInteraction.java;10;1;0;0;5;10;2;0;0;0.0;0;0.0;0;0;0;0;0;0;0;0.0;0;0.0;0.0;0;0;0;0;0;0.0;0.0;0.0;0;0.0;0;0
src\main\java\io\vertx\core\net\endpoint\EndpointNode.java;14;1;0;1;5;10;3;0;0;0.0;0;0.0;0;0;0;0;0;0;0;0.0;0;0.0;0.0;0;0;0;0;0;0.0;0.0;0.0;0;0.0;0;0
src\main\java\io\vertx\core\net\endpoint\EndpointResolver.java;8;1;0;1;1;0;0;0;0;0.0;0;0.0;0;0;0;0;0;0;0;0.0;0;0.0;0.0;0;0;0;0;0;0.0;0.0;0.0;0;0.0;0;0
src\main\java\io\vertx\core\net\endpoint\EndpointSelector.java;7;1;0;1;2;1;2;0;0;0.0;0;0.0;0;0;0;0;0;0;0;0.0;0;0.0;0.0;0;0;0;0;0;0.0;0.0;0.0;0;0.0;0;0
src\main\java\io\vertx\core\net\endpoint\impl\ConsistentHashingSelector.java;74;7;1;0;16;3;2;0;0;0.0;0;0.0;0;0;0;0;0;0;0;0.0;0;-0.8;0.1;0;0;0;0;0;0.0;0.0;0.0;0;0.0;0;0
src\main\java\io\vertx\core\net\endpoint\impl\EndpointResolverImpl.java;261;15;2;0;68;17;9;6;17;2.8333333333333335;7;0.06513409961685823;7;0;0;0;0;0;0;0.0;0;-0.4482758620689655;0.27586206896551724;0;0;0;0;0;0.0;0.0;0.0;0;0.0;1;1
src\main\java\io\vertx\core\net\endpoint\impl\EndpointResolverInternal.java;10;1;1;1;2;1;1;0;0;0.0;0;0.0;0;0;0;0;0;0;0;0.0;0;0.0;0.0;0;0;0;0;0;0.0;0.0;0.0;0;0.0;0;0
src\main\java\io\vertx\core\net\endpoint\impl\NoMetricsLoadBalancer.java;10;1;1;0;1;0;1;0;0;0.0;0;0.0;0;0;0;0;0;0;0;0.0;0;0.0;0.0;0;0;0;0;0;0.0;0.0;0.0;0;0.0;0;0
src\main\java\io\vertx\core\net\endpoint\InteractionMetrics.java;18;1;0;1;6;15;2;0;0;0.0;0;0.0;0;0;0;0;0;0;0;0.0;0;0.0;0.0;0;0;0;0;0;0.0;0.0;0.0;0;0.0;0;0
src\main\java\io\vertx\core\net\endpoint\LoadBalancer.java;65;9;0;1;11;3;5;9;93;10.333333333333334;16;1.4307692307692308;25;0;0;0;0;0;0;0.0;0;-0.42857142857142855;0.2857142857142857;0;0;0;0;0;0.0;0.0;0.0;0;0.0;8;1
src\main\java\io\vertx\core\net\HostAndPort.java;41;4;0;1;13;28;12;0;0;0.0;0;0.0;0;0;0;0;0;0;0;0.0;0;1.0;1.0;0;0;0;0;0;0.0;0.0;0.0;0;0.0;0;0
src\main\java\io\vertx\core\net\impl\ChannelProvider.java;183;22;1;0;36;16;10;3;73;24.333333333333332;61;0.3989071038251366;17;0;0;0;0;0;0;0.0;0;-1.0;0.0;0;2;0;4;4;0.0;0.26666666666666666;0.26666666666666666;3;0.5;3;1
src\main\java\io\vertx\core\net\impl\CleanableNetClient.java;84;2;3;0;27;0;4;0;0;0.0;0;0.0;0;0;0;0;0;0;0;0.0;0;0.25;0.625;0;0;0;1;1;0.0;0.07692307692307693;0.07692307692307693;2;0.3333333333333333;0;0
src\main\java\io\vertx\core\net\impl\ConnectionBase.java;417;55;1;2;65;545;36;4;32;8.0;15;0.07673860911270983;8;2;2;0;0;0;0;0.0;0;-0.9166666666666666;0.041666666666666664;0;5;12;16;16;0.2857142857142857;0.38095238095238093;0.38095238095238093;12;0.5;3;1
src\main\java\io\vertx\core\net\impl\endpoint\Endpoint.java;84;9;1;3;13;52;4;0;0;0.0;0;0.0;0;0;0;0;0;0;0;0.0;0;-1.0;0.0;0;0;6;7;7;0.5;0.5833333333333334;0.5833333333333334;5;0.8333333333333334;0;0
src\main\java\io\vertx\core\net\impl\endpoint\EndpointManager.java;104;16;1;0;24;0;6;7;27;3.857142857142857;11;0.25961538461538464;10;0;0;0;0;0;0;0.0;0;-0.29411764705882354;0.35294117647058826;0;0;0;0;0;0.0;0.0;0.0;0;0.0;1;1
src\main\java\io\vertx\core\net\impl\endpoint\EndpointProvider.java;4;1;0;0;1;0;1;0;0;0.0;0;0.0;0;0;0;0;0;0;0;0.0;0;1.0;1.0;0;0;0;0;0;0.0;0.0;0.0;0;0.0;0;0
src\main\java\io\vertx\core\net\impl\HAProxyMessageCompletionHandler.java;81;15;0;0;8;8;4;0;0;0.0;0;0.0;0;0;0;0;0;0;0;0.0;0;-1.0;0.0;0;1;0;0;0;0.0;0.0;0.0;0;0.0;0;0
src\main\java\io\vertx\core\net\impl\HostAndPortImpl.java;155;71;1;0;26;135;2;0;0;0.0;0;0.0;0;0;0;0;0;0;0;0.0;0;-0.7647058823529411;0.11764705882352941;0;1;0;0;0;0.0;0.0;0.0;0;0.0;0;0
src\main\java\io\vertx\core\net\impl\InboundMessageQueue.java;129;24;1;0;25;46;7;0;0;0.0;0;0.0;0;0;0;0;0;0;0;0.0;0;-0.8947368421052632;0.05263157894736842;0;0;1;2;2;0.08333333333333333;0.16666666666666666;0.16666666666666666;3;0.42857142857142855;0;0
src\main\java\io\vertx\core\net\impl\KeyStoreHelper.java;366;67;1;0;108;145;4;2;42;21.0;30;0.11475409836065574;14;0;0;0;0;0;1;1.0;1;-0.7;0.15;0;2;0;0;0;0.0;0.0;0.0;0;0.0;2;1
src\main\java\io\vertx\core\net\impl\MessageWrite.java;7;1;0;0;2;1;2;0;0;0.0;0;0.0;0;0;0;0;0;0;0;0.0;0;0.0;0.0;0;0;0;0;0;0.0;0.0;0.0;0;0.0;0;0
src\main\java\io\vertx\core\net\impl\NetClientBuilder.java;20;1;1;0;2;1;3;0;0;0.0;0;0.0;0;0;0;0;0;0;0;0.0;0;-1.0;0.0;0;0;0;1;1;0.0;0.5;0.5;3;1.0;0;0
src\main\java\io\vertx\core\net\impl\NetClientImpl.java;355;49;3;0;108;148;28;11;87;7.909090909090909;23;0.24507042253521127;22;0;3;0;2;0;0;0.0;0;-0.8571428571428571;0.07142857142857142;0;2;2;4;4;0.09523809523809523;0.19047619047619047;0.19047619047619047;3;0.1875;6;1
src\main\java\io\vertx\core\net\impl\NetClientInternal.java;14;1;2;2;2;1;2;0;0;0.0;0;0.0;0;0;0;0;0;0;0;0.0;0;0.0;0.0;0;0;0;0;0;0.0;0.0;0.0;0;0.0;0;0
src\main\java\io\vertx\core\net\impl\NetServerImpl.java;596;76;3;0;138;312;32;21;131;6.238095238095238;21;0.2197986577181208;39;7;11;3;6;0;0;0.0;0;-0.7391304347826086;0.13043478260869565;0;1;6;17;17;0.16216216216216217;0.4594594594594595;0.4594594594594595;20;0.7142857142857143;14;1
src\main\java\io\vertx\core\net\impl\NetServerInternal.java;14;1;2;1;4;6;1;0;0;0.0;0;0.0;0;0;0;0;0;0;0;0.0;0;1.0;1.0;0;0;0;0;0;0.0;0.0;0.0;0;0.0;0;0
src\main\java\io\vertx\core\net\impl\NetSocketImpl.java;347;24;4;0;84;550;23;4;49;12.25;24;0.14121037463976946;8;0;0;0;0;0;0;0.0;0;-0.24324324324324326;0.3783783783783784;0;7;4;9;9;0.1;0.225;0.225;6;0.46153846153846156;2;1
src\main\java\io\vertx\core\net\impl\NetSocketInternal.java;12;1;3;1;4;6;0;0;0;0.0;0;0.0;0;0;0;0;0;0;0;0.0;0;1.0;1.0;0;0;0;0;0;0.0;0.0;0.0;0;0.0;0;0
src\main\java\io\vertx\core\net\impl\OutboundMessageQueue.java;87;10;1;1;18;27;4;0;0;0.0;0;0.0;0;0;0;0;0;0;0;0.0;0;-0.8;0.1;0;0;3;3;3;0.3;0.3;0.3;1;0.25;0;0
src\main\java\io\vertx\core\net\impl\pkcs1\PrivateKeyParser.java;266;36;1;0;33;16;1;0;0;0.0;0;0.0;0;0;0;0;0;0;0;0.0;0;-1.0;0.0;0;0;2;2;2;0.11764705882352941;0.11764705882352941;0.11764705882352941;2;0.05714285714285714;0;0
src\main\java\io\vertx\core\net\impl\pool\CombinerExecutor.java;95;18;1;0;16;0;2;0;0;0.0;0;0.0;0;0;0;0;0;0;0;0.0;0;-0.8461538461538461;0.07692307692307693;0;0;0;0;0;0.0;0.0;0.0;2;0.2857142857142857;0;0
src\main\java\io\vertx\core\net\impl\pool\ConnectionPool.java;53;2;0;1;25;153;5;1;9;9.0;9;0.16981132075471697;2;0;0;0;0;0;0;0.0;0;0.7777777777777778;0.8888888888888888;0;0;0;0;0;0.0;0.0;0.0;0;0.0;1;1
src\main\java\io\vertx\core\net\impl\pool\ConnectResult.java;23;1;1;0;4;4;1;0;0;0.0;0;0.0;0;0;0;0;0;0;0;0.0;0;-1.0;0.0;0;0;0;0;0;0.0;0.0;0.0;0;0.0;0;0
src\main\java\io\vertx\core\net\impl\pool\Executor.java;7;1;0;11;2;0;3;0;0;0.0;0;0.0;0;0;0;0;0;0;0;0.0;0;1.0;1.0;0;0;0;0;0;0.0;0.0;0.0;0;0.0;0;0
src\main\java\io\vertx\core\net\impl\pool\Lease.java;5;1;0;1;2;1;1;0;0;0.0;0;0.0;0;0;0;0;0;0;0;0.0;0;0.0;0.0;0;0;0;0;0;0.0;0.0;0.0;0;0.0;0;0
src\main\java\io\vertx\core\net\impl\pool\PoolConnection.java;9;1;0;1;5;10;2;0;0;0.0;0;0.0;0;0;0;0;0;0;0;0.0;0;0.0;0.0;0;0;0;0;0;0.0;0.0;0.0;0;0.0;0;0
src\main\java\io\vertx\core\net\impl\pool\PoolConnector.java;11;1;0;2;4;2;2;0;0;0.0;0;0.0;0;0;0;0;0;0;0;0.0;0;0.0;0.0;0;0;0;0;0;0.0;0.0;0.0;0;0.0;0;0
src\main\java\io\vertx\core\net\impl\pool\PoolWaiter.java;30;1;1;2;3;1;1;0;0;0.0;0;0.0;0;0;0;0;0;0;0;0.0;0;-1.0;0.0;0;0;0;0;0;0.0;0.0;0.0;4;0.4444444444444444;0;0
src\main\java\io\vertx\core\net\impl\pool\SemaphoreExecutor.java;24;3;1;0;6;0;2;0;0;0.0;0;0.0;0;0;0;0;0;0;0;0.0;0;-0.6;0.2;0;0;0;0;0;0.0;0.0;0.0;0;0.0;0;0
src\main\java\io\vertx\core\net\impl\pool\SimpleConnectionPool.java;843;77;1;0;120;141;12;4;29;7.25;10;0.03440094899169632;10;0;0;0;0;0;0;0.0;0;-0.7548387096774194;0.12258064516129032;0;0;9;30;30;0.11538461538461539;0.38461538461538464;0.38461538461538464;21;0.40384615384615385;3;1
src\main\java\io\vertx\core\net\impl\pool\Task.java;33;3;1;1;6;15;3;0;0;0.0;0;0.0;0;0;0;0;0;0;0;0.0;0;-0.3333333333333333;0.3333333333333333;0;0;0;1;1;0.0;0.16666666666666666;0.16666666666666666;1;1.0;0;0
src\main\java\io\vertx\core\net\impl\ProxyFilter.java;38;7;1;0;10;0;2;3;28;9.333333333333334;17;0.7368421052631579;9;0;0;0;0;0;1;1.0;1;0.3333333333333333;0.6666666666666666;0;1;0;0;0;0.0;0.0;0.0;0;0.0;2;1
src\main\java\io\vertx\core\net\impl\SelfSignedCertificateImpl.java;43;3;1;0;8;4;2;0;0;0.0;0;0.0;0;0;0;0;0;0;0;0.0;0;0.0;0.5;0;0;0;0;0;0.0;0.0;0.0;0;0.0;0;0
src\main\java\io\vertx\core\net\impl\ServerChannelLoadBalancer.java;92;10;0;0;11;0;1;0;0;0.0;0;0.0;0;0;0;0;0;0;0;0.0;0;-1.0;0.0;0;0;4;5;5;0.36363636363636365;0.45454545454545453;0.45454545454545453;2;0.4;0;0
src\main\java\io\vertx\core\net\impl\ServerID.java;29;4;1;0;5;0;0;0;0;0.0;0;0.0;0;0;0;0;0;0;0;0.0;0;-0.5;0.25;0;1;0;3;3;0.0;1.0;1.0;2;1.0;0;0
src\main\java\io\vertx\core\net\impl\ShutdownEvent.java;22;3;1;0;2;1;4;0;0;0.0;0;0.0;0;0;0;0;0;0;0;0.0;0;-1.0;0.0;0;0;0;0;0;0.0;0.0;0.0;0;0.0;0;0
src\main\java\io\vertx\core\net\impl\SocketAddressImpl.java;120;15;2;0;24;11;3;0;0;0.0;0;0.0;0;0;0;0;0;0;0;0.0;0;-1.0;0.0;0;0;0;0;0;0.0;0.0;0.0;0;0.0;0;0
src\main\java\io\vertx\core\net\impl\SslChannelProvider.java;118;16;1;0;19;39;6;3;24;8.0;13;0.2033898305084746;5;0;0;0;0;0;0;0.0;0;-1.0;0.0;0;0;0;0;0;0.0;0.0;0.0;0;0.0;2;1
src\main\java\io\vertx\core\net\impl\SslContextProvider.java;206;25;1;0;47;62;3;0;0;0.0;0;0.0;0;0;0;0;0;0;0;0.0;0;-0.7272727272727273;0.13636363636363635;0;1;0;0;0;0.0;0.0;0.0;0;0.0;0;0
src\main\java\io\vertx\core\net\impl\SslContextUpdate.java;20;1;1;0;3;3;0;0;0;0.0;0;0.0;0;0;0;0;0;0;0;0.0;0;-1.0;0.0;0;0;0;0;0;0.0;0.0;0.0;0;0.0;0;0
src\main\java\io\vertx\core\net\impl\SslHandshakeCompletionHandler.java;44;5;0;0;2;1;1;0;0;0.0;0;0.0;0;0;0;0;0;0;0;0.0;0;-1.0;0.0;0;2;0;1;1;0.0;0.5;0.5;1;0.5;0;0
src\main\java\io\vertx\core\net\impl\SSLHelper.java;271;37;1;0;56;31;20;5;41;8.2;32;0.15129151291512916;10;0;0;0;0;0;2;2.0;2;-0.45;0.275;0;5;0;0;0;0.0;0.0;0.0;0;0.0;1;1
src\main\java\io\vertx\core\net\impl\TrustAllOptions.java;52;1;1;0;9;1;1;1;1;1.0;1;0.019230769230769232;1;0;0;0;0;0;0;0.0;0;1.0;1.0;0;0;0;0;0;0.0;0.0;0.0;1;0.3333333333333333;0;1
src\main\java\io\vertx\core\net\impl\TrustAllTrustManager.java;19;1;2;0;3;3;0;0;0;0.0;0;0.0;0;0;0;0;0;0;0;0.0;0;0.0;0.0;0;0;0;0;0;0.0;0.0;0.0;1;1.0;0;0
src\main\java\io\vertx\core\net\impl\URIDecoder.java;75;22;1;0;9;10;3;0;0;0.0;0;0.0;0;0;0;0;0;0;0;0.0;0;-1.0;0.0;0;0;0;0;0;0.0;0.0;0.0;0;0.0;0;0
src\main\java\io\vertx\core\net\impl\VertxConnection.java;318;37;2;4;68;367;21;5;17;3.4;8;0.05345911949685535;6;1;1;1;1;0;0;0.0;0;-0.7333333333333333;0.13333333333333333;0;1;13;14;14;0.325;0.35;0.35;9;0.6923076923076923;1;1
src\main\java\io\vertx\core\net\impl\VertxEventLoopGroup.java;196;11;0;0;48;106;0;0;0;0.0;0;0.0;0;0;0;0;0;0;0;0.0;0;0.2;0.6;0;0;2;2;2;0.05714285714285714;0.05714285714285714;0.05714285714285714;2;0.3333333333333333;0;0
src\main\java\io\vertx\core\net\impl\VertxHandler.java;105;10;0;0;22;49;11;0;0;0.0;0;0.0;0;0;0;0;0;0;0;0.0;0;-0.42857142857142855;0.2857142857142857;0;3;2;8;8;0.13333333333333333;0.5333333333333333;0.5333333333333333;3;0.75;0;0
src\main\java\io\vertx\core\net\impl\VertxSniHandler.java;21;1;0;0;1;0;0;0;0;0.0;0;0.0;0;0;0;0;0;0;0;0.0;0;-1.0;0.0;0;0;0;0;0;0.0;0.0;0.0;0;0.0;0;0
src\main\java\io\vertx\core\net\impl\VertxSslContext.java;13;1;0;0;1;0;0;0;0;0.0;0;0.0;0;0;0;0;0;0;0;0.0;0;-1.0;0.0;0;0;0;0;0;0.0;0.0;0.0;0;0.0;0;0
src\main\java\io\vertx\core\net\impl\VertxTrustManagerFactory.java;26;1;2;0;4;0;0;0;0;0.0;0;0.0;0;0;0;0;0;0;0;0.0;0;0.0;0.0;0;0;0;0;0;0.0;0.0;0.0;0;0.0;0;0
src\main\java\io\vertx\core\net\JdkSSLEngineOptions.java;52;4;2;0;9;10;3;0;0;0.0;0;0.0;0;0;0;0;0;0;0;0.0;0;0.0;0.5;0;0;1;1;1;0.2;0.2;0.2;1;1.0;0;0
src\main\java\io\vertx\core\net\JksOptions.java;49;1;2;0;13;21;5;0;0;0.0;0;0.0;0;0;0;0;0;0;0;0.0;0;1.0;1.0;0;0;0;0;0;0.0;0.0;0.0;0;0.0;0;0
src\main\java\io\vertx\core\net\KeyCertOptions.java;17;1;0;3;5;10;2;0;0;0.0;0;0.0;0;0;0;0;0;0;0;0.0;0;1.0;1.0;0;0;0;0;0;0.0;0.0;0.0;0;0.0;0;0
src\main\java\io\vertx\core\net\KeyManagerFactoryOptions.java;51;6;1;0;8;4;0;1;1;1.0;1;0.0196078431372549;1;0;0;0;0;0;0;0.0;0;0.0;0.5;0;1;0;0;0;0.0;0.0;0.0;0;0.0;0;1
src\main\java\io\vertx\core\net\KeyManagerFactoryWrapper.java;38;1;2;0;4;1;0;0;0;0.0;0;0.0;0;0;0;0;0;0;0;0.0;0;-1.0;0.0;0;0;0;0;0;0.0;0.0;0.0;0;0.0;0;0
src\main\java\io\vertx\core\net\KeyStoreOptions.java;60;1;2;0;20;55;2;0;0;0.0;0;0.0;0;0;0;0;0;0;0;0.0;0;1.0;1.0;0;0;0;0;0;0.0;0.0;0.0;0;0.0;0;0
src\main\java\io\vertx\core\net\KeyStoreOptionsBase.java;152;18;1;3;32;211;6;2;2;1.0;1;0.013157894736842105;2;1;1;0;0;0;0;0.0;0;-0.84;0.08;0;0;1;10;10;0.043478260869565216;0.43478260869565216;0.43478260869565216;8;1.0;0;1
src\main\java\io\vertx\core\net\NetClient.java;25;1;1;1;10;45;6;0;0;0.0;0;0.0;0;0;0;0;0;0;0;0.0;0;0.0;0.0;0;0;0;0;0;0.0;0.0;0.0;0;0.0;0;0
src\main\java\io\vertx\core\net\NetClientOptions.java;263;5;4;0;95;1225;8;0;0;0.0;0;0.0;0;0;0;0;0;0;0;0.0;0;-0.5;0.25;0;0;0;3;3;0.0;0.06;0.06;3;0.42857142857142855;0;0
src\main\java\io\vertx\core\net\NetServer.java;38;1;1;1;14;91;6;0;0;0.0;0;0.0;0;0;0;0;0;0;0;0.0;0;1.0;1.0;0;0;0;0;0;0.0;0.0;0.0;0;0.0;0;0
src\main\java\io\vertx\core\net\NetServerOptions.java;301;6;3;1;94;1596;10;0;0;0.0;0;0.0;0;0;0;0;0;0;0;0.0;0;-0.7037037037037037;0.14814814814814814;0;0;0;7;7;0.0;0.12280701754385964;0.12280701754385964;8;0.5333333333333333;0;0
src\main\java\io\vertx\core\net\NetSocket.java;72;1;2;2;31;465;4;0;0;0.0;0;0.0;0;0;0;0;0;0;0;0.0;0;1.0;1.0;0;0;0;0;0;0.0;0.0;0.0;0;0.0;0;0
src\main\java\io\vertx\core\net\NetworkOptions.java;106;3;1;2;17;105;12;0;0;0.0;0;0.0;0;0;0;0;0;0;0;0.0;0;-0.9090909090909091;0.045454545454545456;0;0;0;7;7;0.0;0.4666666666666667;0.4666666666666667;7;0.5;0;0
src\main\java\io\vertx\core\net\OpenSSLEngineOptions.java;55;1;2;0;9;26;3;0;0;0.0;0;0.0;0;0;0;0;0;0;0;0.0;0;0.14285714285714285;0.5714285714285714;0;0;0;2;2;0.0;0.25;0.25;1;0.5;0;0
src\main\java\io\vertx\core\net\package-info.java;1;1;1;0;0;0;0;0;0;0.0;0;0.0;0;0;0;0;0;0;0;0.0;0;0.0;0.0;0;0;0;0;0;0.0;0.0;0.0;0;0.0;0;0
src\main\java\io\vertx\core\net\PemKeyCertOptions.java;208;25;1;0;45;218;8;0;0;0.0;0;0.0;0;0;0;0;0;0;0;0.0;0;0.034482758620689655;0.5172413793103449;0;0;2;20;20;0.06896551724137931;0.6896551724137931;0.6896551724137931;5;1.0;0;0
src\main\java\io\vertx\core\net\PemTrustOptions.java;106;9;1;0;28;36;7;1;1;1.0;1;0.009433962264150943;1;0;0;0;0;1;2;1.0;2;0.0;0.5;0;0;1;7;7;0.08333333333333333;0.5833333333333334;0.5833333333333334;3;1.0;0;1
src\main\java\io\vertx\core\net\PfxOptions.java;46;1;2;0;13;21;3;0;0;0.0;0;0.0;0;0;0;0;0;0;0;0.0;0;1.0;1.0;0;0;0;0;0;0.0;0.0;0.0;0;0.0;0;0
src\main\java\io\vertx\core\net\ProxyOptions.java;78;3;1;0;12;55;6;0;0;0.0;0;0.0;0;0;0;0;0;0;0;0.0;0;-0.625;0.1875;0;0;0;5;5;0.0;0.45454545454545453;0.45454545454545453;5;0.625;0;0
src\main\java\io\vertx\core\net\ProxyType.java;8;1;1;0;0;0;0;0;0;0.0;0;0.0;0;0;0;0;0;0;0;0.0;0;0.0;0.0;0;0;0;0;0;0.0;0.0;0.0;0;0.0;0;0
src\main\java\io\vertx\core\net\SelfSignedCertificate.java;17;1;0;1;7;21;1;0;0;0.0;0;0.0;0;0;0;0;0;0;0;0.0;0;1.0;1.0;0;0;0;0;0;0.0;0.0;0.0;0;0.0;0;0
src\main\java\io\vertx\core\net\ServerSSLOptions.java;101;1;2;0;31;153;6;0;0;0.0;0;0.0;0;0;0;0;0;0;0;0.0;0;-0.2;0.4;0;0;0;2;2;0.0;0.1111111111111111;0.1111111111111111;2;0.5;0;0
src\main\java\io\vertx\core\net\SocketAddress.java;67;8;1;1;17;78;21;0;0;0.0;0;0.0;0;0;0;0;0;0;0;0.0;0;1.0;1.0;0;0;0;0;0;0.0;0.0;0.0;0;0.0;0;0
src\main\java\io\vertx\core\net\SSLEngineOptions.java;25;1;1;2;5;6;5;0;0;0.0;0;0.0;0;0;0;0;0;0;0;0.0;0;-1.0;0.0;0;0;0;1;1;0.0;0.25;0.25;1;0.5;0;0
src\main\java\io\vertx\core\net\SSLOptions.java;180;17;1;2;39;268;13;0;0;0.0;0;0.0;0;0;0;0;0;0;0;0.0;0;-0.9230769230769231;0.038461538461538464;0;1;1;19;19;0.03571428571428571;0.6785714285714286;0.6785714285714286;10;0.7142857142857143;0;0
src\main\java\io\vertx\core\net\TCPSSLOptions.java;393;43;2;3;94;1527;25;0;0;0.0;0;0.0;0;0;0;0;0;0;0;0.0;0;-0.7704918032786885;0.11475409836065574;0;9;5;26;26;0.08620689655172414;0.4482758620689655;0.4482758620689655;17;0.5666666666666667;0;0
src\main\java\io\vertx\core\net\TrafficShapingOptions.java;103;1;1;0;17;105;2;0;0;0.0;0;0.0;0;0;0;0;0;0;0;0.0;0;-0.9090909090909091;0.045454545454545456;0;0;0;7;7;0.0;0.4666666666666667;0.4666666666666667;7;0.5833333333333334;0;0
src\main\java\io\vertx\core\net\TrustManagerFactoryOptions.java;50;6;1;0;8;0;0;1;1;1.0;1;0.02;1;0;0;0;0;0;0;0.0;0;0.0;0.5;0;1;0;0;0;0.0;0.0;0.0;0;0.0;0;1
src\main\java\io\vertx\core\net\TrustManagerFactoryWrapper.java;38;1;2;0;4;1;0;0;0;0.0;0;0.0;0;0;0;0;0;0;0;0.0;0;-1.0;0.0;0;0;0;0;0;0.0;0.0;0.0;0;0.0;0;0
src\main\java\io\vertx\core\net\TrustOptions.java;16;1;0;4;5;10;2;0;0;0.0;0;0.0;0;0;0;0;0;0;0;0.0;0;1.0;1.0;0;0;0;0;0;0.0;0.0;0.0;0;0.0;0;0
src\main\java\io\vertx\core\package-info.java;2;1;1;0;0;0;0;0;0;0.0;0;0.0;0;0;0;0;0;0;0;0.0;0;0.0;0.0;0;0;0;0;0;0.0;0.0;0.0;0;0.0;0;0
src\main\java\io\vertx\core\parsetools\impl\JsonEventImpl.java;152;14;1;0;31;0;3;0;0;0.0;0;0.0;0;0;0;0;0;0;0;0.0;0;0.0;0.5;0;9;0;0;0;0.0;0.0;0.0;0;0.0;0;0
src\main\java\io\vertx\core\parsetools\impl\JsonParserImpl.java;442;73;3;0;51;122;5;4;14;3.5;5;0.03167420814479638;5;3;4;2;3;0;0;0.0;0;-0.864406779661017;0.06779661016949153;0;0;17;19;19;0.6071428571428571;0.6785714285714286;0.6785714285714286;16;0.8421052631578947;1;1
src\main\java\io\vertx\core\parsetools\impl\RecordParserImpl.java;249;34;3;0;35;146;5;2;9;4.5;5;0.03614457831325301;3;2;2;1;1;0;0;0.0;0;-0.6410256410256411;0.1794871794871795;0;0;13;14;14;0.65;0.7;0.7;14;0.875;1;1
src\main\java\io\vertx\core\parsetools\JsonEvent.java;34;1;0;1;21;210;1;0;0;0.0;0;0.0;0;0;0;0;0;0;0;0.0;0;1.0;1.0;0;0;0;0;0;0.0;0.0;0.0;0;0.0;0;0
src\main\java\io\vertx\core\parsetools\JsonEventType.java;10;1;1;0;0;0;0;0;0;0.0;0;0.0;0;0;0;0;0;0;0;0.0;0;0.0;0.0;0;0;0;0;0;0.0;0.0;0.0;0;0.0;0;0
src\main\java\io\vertx\core\parsetools\JsonParser.java;39;1;2;1;14;91;1;0;0;0.0;0;0.0;0;0;0;0;0;0;0;0.0;0;1.0;1.0;0;0;0;0;0;0.0;0.0;0.0;0;0.0;0;0
src\main\java\io\vertx\core\parsetools\package-info.java;1;1;1;0;0;0;0;0;0;0.0;0;0.0;0;0;0;0;0;0;0;0.0;0;0.0;0.0;0;0;0;0;0;0.0;0.0;0.0;0;0.0;0;0
src\main\java\io\vertx\core\parsetools\RecordParser.java;56;1;2;1;24;210;3;0;0;0.0;0;0.0;0;0;0;0;0;0;0;0.0;0;1.0;1.0;0;0;0;0;0;0.0;0.0;0.0;0;0.0;0;0
src\main\java\io\vertx\core\Promise.java;51;6;1;3;14;55;67;0;0;0.0;0;0.0;0;0;0;0;0;0;0;0.0;0;0.0;0.0;0;0;0;0;0;0.0;0.0;0.0;0;0.0;0;0
src\main\java\io\vertx\core\ServiceHelper.java;43;6;1;0;15;6;3;0;0;0.0;0;0.0;0;0;0;0;0;0;0;0.0;0;-1.0;0.0;0;0;0;0;0;0.0;0.0;0.0;0;0.0;0;0
src\main\java\io\vertx\core\shareddata\AsyncMap.java;35;1;0;2;17;120;3;0;0;0.0;0;0.0;0;0;0;0;0;0;0;0.0;0;0.0;0.0;0;0;0;0;0;0.0;0.0;0.0;0;0.0;0;0
src\main\java\io\vertx\core\shareddata\ClusterSerializable.java;6;1;0;5;2;1;2;0;0;0.0;0;0.0;0;0;0;0;0;0;0;0.0;0;0.0;0.0;0;0;0;0;0;0.0;0.0;0.0;0;0.0;0;0
src\main\java\io\vertx\core\shareddata\Counter.java;16;1;0;1;7;21;0;0;0;0.0;0;0.0;0;0;0;0;0;0;0;0.0;0;0.0;0.0;0;0;0;0;0;0.0;0.0;0.0;0;0.0;0;0
src\main\java\io\vertx\core\shareddata\impl\AsynchronousCounter.java;68;1;1;0;18;0;3;0;0;0.0;0;0.0;0;0;0;0;0;0;0;0.0;0;-1.0;0.0;0;0;0;0;0;0.0;0.0;0.0;0;0.0;0;0
src\main\java\io\vertx\core\shareddata\impl\Checker.java;76;11;1;0;23;15;6;0;0;0.0;0;0.0;0;0;0;0;0;0;0;0.0;0;-1.0;0.0;0;7;0;0;0;0.0;0.0;0.0;0;0.0;0;0
src\main\java\io\vertx\core\shareddata\impl\LocalAsyncLocks.java;99;16;1;0;22;0;4;4;34;8.5;19;0.3434343434343434;12;0;0;0;0;0;0;0.0;0;-1.0;0.0;0;0;0;0;0;0.0;0.0;0.0;0;0.0;3;1
src\main\java\io\vertx\core\shareddata\impl\LocalAsyncMapImpl.java;237;26;1;0;47;0;3;10;39;3.9;10;0.16455696202531644;18;0;0;0;0;0;2;2.0;2;-0.6666666666666666;0.16666666666666666;0;0;0;0;0;0.0;0.0;0.0;0;0.0;5;1
src\main\java\io\vertx\core\shareddata\impl\LocalMapImpl.java;203;10;2;0;63;0;1;4;33;8.25;9;0.1625615763546798;8;0;0;0;0;0;0;0.0;0;0.44;0.72;0;0;0;0;0;0.0;0.0;0.0;0;0.0;4;1
src\main\java\io\vertx\core\shareddata\impl\LockInternal.java;5;1;1;1;1;0;0;0;0;0.0;0;0.0;0;0;0;0;0;0;0;0.0;0;0.0;0.0;0;0;0;0;0;0.0;0.0;0.0;0;0.0;0;0
src\main\java\io\vertx\core\shareddata\impl\SharedDataImpl.java;210;8;1;0;58;0;9;3;3;1.0;1;0.014285714285714285;3;0;0;0;0;0;0;0.0;0;0.2727272727272727;0.6363636363636364;0;2;0;0;0;0.0;0.0;0.0;0;0.0;0;1
src\main\java\io\vertx\core\shareddata\LocalMap.java;63;1;1;1;26;325;2;0;0;0.0;0;0.0;0;0;0;0;0;0;0;0.0;0;1.0;1.0;0;0;0;0;0;0.0;0.0;0.0;0;0.0;0;0
src\main\java\io\vertx\core\shareddata\Lock.java;6;1;0;1;1;0;2;0;0;0.0;0;0.0;0;0;0;0;0;0;0;0.0;0;0.0;0.0;0;0;0;0;0;0.0;0.0;0.0;0;0.0;0;0
src\main\java\io\vertx\core\shareddata\package-info.java;1;1;1;0;0;0;0;0;0;0.0;0;0.0;0;0;0;0;0;0;0;0.0;0;0.0;0.0;0;0;0;0;0;0.0;0.0;0.0;0;0.0;0;0
src\main\java\io\vertx\core\shareddata\Shareable.java;6;1;0;4;1;0;2;0;0;0.0;0;0.0;0;0;0;0;0;0;0;0.0;0;0.0;0.0;0;0;0;0;0;0.0;0.0;0.0;0;0.0;0;0
src\main\java\io\vertx\core\shareddata\SharedData.java;56;3;0;1;18;91;5;4;30;7.5;12;0.5357142857142857;6;0;0;0;0;0;0;0.0;0;0.3333333333333333;0.6666666666666666;0;0;0;0;0;0.0;0.0;0.0;0;0.0;2;1
src\main\java\io\vertx\core\spi\cluster\ClusterManager.java;41;2;1;0;22;190;7;0;0;0.0;0;0.0;0;0;0;0;0;0;0;0.0;0;0.0;0.0;0;0;0;0;0;0.0;0.0;0.0;0;0.0;0;0
src\main\java\io\vertx\core\spi\cluster\impl\DefaultNodeSelector.java;41;1;2;0;16;0;4;2;6;3.0;3;0.14634146341463414;2;0;0;0;0;0;0;0.0;0;-1.0;0.0;0;0;1;6;6;0.14285714285714285;0.8571428571428571;0.8571428571428571;1;1.0;0;1
src\main\java\io\vertx\core\spi\cluster\impl\selector\Index.java;17;2;1;0;3;1;2;0;0;0.0;0;0.0;0;0;0;0;0;0;0;0.0;0;-1.0;0.0;0;0;0;0;0;0.0;0.0;0.0;0;0.0;0;0
src\main\java\io\vertx\core\spi\cluster\impl\selector\NullRoundRobinSelector.java;13;1;1;0;3;0;0;0;0;0.0;0;0.0;0;0;0;0;0;0;0;0.0;0;1.0;1.0;0;0;0;0;0;0.0;0.0;0.0;0;0.0;0;0
src\main\java\io\vertx\core\spi\cluster\impl\selector\RoundRobinSelector.java;5;1;0;2;2;1;1;0;0;0.0;0;0.0;0;0;0;0;0;0;0;0.0;0;1.0;1.0;0;0;0;0;0;0.0;0.0;0.0;0;0.0;0;0
src\main\java\io\vertx\core\spi\cluster\impl\selector\SelectorEntry.java;62;10;1;0;14;9;3;1;1;1.0;1;0.016129032258064516;2;0;0;0;0;0;0;0.0;0;-1.0;0.0;0;0;0;0;0;0.0;0.0;0.0;0;0.0;1;1
src\main\java\io\vertx\core\spi\cluster\impl\selector\Selectors.java;104;25;1;0;37;0;7;3;20;6.666666666666667;10;0.19230769230769232;9;0;0;0;0;0;0;0.0;0;-0.6;0.2;0;0;0;0;0;0.0;0.0;0.0;0;0.0;3;1
src\main\java\io\vertx\core\spi\cluster\impl\selector\SimpleRoundRobinSelector.java;25;3;1;0;7;0;1;0;0;0.0;0;0.0;0;0;0;0;0;0;0;0.0;0;-0.6;0.2;0;0;0;0;0;0.0;0.0;0.0;0;0.0;0;0
src\main\java\io\vertx\core\spi\cluster\impl\selector\Weight.java;18;1;1;0;4;0;2;0;0;0.0;0;0.0;0;0;0;0;0;0;0;0.0;0;-1.0;0.0;0;0;1;3;3;0.3333333333333333;1.0;1.0;1;1.0;0;0
src\main\java\io\vertx\core\spi\cluster\impl\selector\WeightedRoundRobinSelector.java;40;7;1;0;17;0;2;0;0;0.0;0;0.0;0;0;0;0;0;0;0;0.0;0;-0.7142857142857143;0.14285714285714285;0;0;0;0;0;0.0;0.0;0.0;0;0.0;0;0
src\main\java\io\vertx\core\spi\cluster\NodeInfo.java;82;10;1;0;24;0;4;0;0;0.0;0;0.0;0;0;0;0;0;0;0;0.0;0;-0.6666666666666666;0.16666666666666666;0;0;1;8;8;0.125;1.0;1.0;3;1.0;0;0
src\main\java\io\vertx\core\spi\cluster\NodeListener.java;5;1;0;0;2;1;0;0;0;0.0;0;0.0;0;0;0;0;0;0;0;0.0;0;0.0;0.0;0;0;0;0;0;0.0;0.0;0.0;0;0.0;0;0
src\main\java\io\vertx\core\spi\cluster\NodeSelector.java;22;2;1;1;10;28;3;0;0;0.0;0;0.0;0;0;0;0;0;0;0;0.0;0;0.0;0.0;0;0;0;0;0;0.0;0.0;0.0;0;0.0;0;0
src\main\java\io\vertx\core\spi\cluster\RegistrationInfo.java;69;8;1;0;21;0;2;0;0;0.0;0;0.0;0;0;0;0;0;0;0;0.0;0;-0.7142857142857143;0.14285714285714285;0;0;1;8;8;0.125;1.0;1.0;3;1.0;0;0
src\main\java\io\vertx\core\spi\cluster\RegistrationUpdateEvent.java;24;2;1;0;4;0;1;0;0;0.0;0;0.0;0;0;0;0;0;0;0;0.0;0;-1.0;0.0;0;0;0;0;0;0.0;0.0;0.0;0;0.0;0;0
src\main\java\io\vertx\core\spi\context\storage\AccessMode.java;39;5;0;0;11;3;3;0;0;0.0;0;0.0;0;0;0;0;0;0;0;0.0;0;-0.2;0.4;0;0;0;0;0;0.0;0.0;0.0;0;0.0;0;0
src\main\java\io\vertx\core\spi\context\storage\ContextLocal.java;34;1;0;1;12;36;2;0;0;0.0;0;0.0;0;0;0;0;0;0;0;0.0;0;1.0;1.0;0;0;0;0;0;0.0;0.0;0.0;0;0.0;0;0
src\main\java\io\vertx\core\spi\dns\AddressResolverProvider.java;31;4;0;2;7;3;5;0;0;0.0;0;0.0;0;0;0;0;0;0;0;0.0;0;0.0;0.0;0;1;0;0;0;0.0;0.0;0.0;0;0.0;0;0
src\main\java\io\vertx\core\spi\endpoint\EndpointBuilder.java;8;1;0;0;4;3;1;0;0;0.0;0;0.0;0;0;0;0;0;0;0;0.0;0;0.0;0.0;0;0;0;0;0;0.0;0.0;0.0;0;0.0;0;0
src\main\java\io\vertx\core\spi\endpoint\EndpointResolver.java;17;1;0;1;8;28;1;0;0;0.0;0;0.0;0;0;0;0;0;0;0;0.0;0;1.0;1.0;0;0;0;0;0;0.0;0.0;0.0;0;0.0;0;0
src\main\java\io\vertx\core\spi\ExecutorServiceFactory.java;16;2;1;0;5;1;2;1;2;2.0;2;0.125;1;0;0;0;0;0;0;0.0;0;1.0;1.0;0;0;0;0;0;0.0;0.0;0.0;0;0.0;0;1
src\main\java\io\vertx\core\spi\file\FileResolver.java;8;1;2;1;2;1;1;0;0;0.0;0;0.0;0;0;0;0;0;0;0;0.0;0;0.0;0.0;0;0;0;0;0;0.0;0.0;0.0;0;0.0;0;0
src\main\java\io\vertx\core\spi\FileResolverFactory.java;14;2;1;0;5;1;1;0;0;0.0;0;0.0;0;0;0;0;0;0;0;0.0;0;0.0;0.0;0;0;0;0;0;0.0;0.0;0.0;0;0.0;0;0
src\main\java\io\vertx\core\spi\json\JsonCodec.java;17;1;0;1;7;21;4;0;0;0.0;0;0.0;0;0;0;0;0;0;0;0.0;0;0.0;0.0;0;0;0;0;0;0.0;0.0;0.0;0;0.0;0;0
src\main\java\io\vertx\core\spi\JsonFactory.java;13;1;0;1;4;3;2;0;0;0.0;0;0.0;0;0;0;0;0;0;0;0.0;0;1.0;1.0;0;0;0;0;0;0.0;0.0;0.0;0;0.0;0;0
src\main\java\io\vertx\core\spi\logging\LogDelegate.java;20;1;0;3;15;105;2;0;0;0.0;0;0.0;0;0;0;0;0;0;0;0.0;0;0.0;0.0;0;0;0;0;0;0.0;0.0;0.0;0;0.0;0;0
src\main\java\io\vertx\core\spi\logging\LogDelegateFactory.java;5;1;0;3;2;1;1;0;0;0.0;0;0.0;0;0;0;0;0;0;0;0.0;0;0.0;0.0;0;0;0;0;0;0.0;0.0;0.0;0;0.0;0;0
src\main\java\io\vertx\core\spi\metrics\ClientMetrics.java;25;1;1;1;9;36;4;0;0;0.0;0;0.0;0;0;0;0;0;0;0;0.0;0;0.0;0.0;0;0;0;0;0;0.0;0.0;0.0;0;0.0;0;0
src\main\java\io\vertx\core\spi\metrics\DatagramSocketMetrics.java;6;1;2;1;1;0;1;0;0;0.0;0;0.0;0;0;0;0;0;0;0;0.0;0;0.0;0.0;0;0;0;0;0;0.0;0.0;0.0;0;0.0;0;0
src\main\java\io\vertx\core\spi\metrics\EventBusMetrics.java;26;1;1;1;10;45;6;0;0;0.0;0;0.0;0;0;0;0;0;0;0;0.0;0;1.0;1.0;0;0;0;0;0;0.0;0.0;0.0;0;0.0;0;0
src\main\java\io\vertx\core\spi\metrics\HttpClientMetrics.java;19;1;3;1;5;10;6;0;0;0.0;0;0.0;0;0;0;0;0;0;0;0.0;0;0.0;0.0;0;0;0;0;0;0.0;0.0;0.0;0;0.0;0;0
src\main\java\io\vertx\core\spi\metrics\HttpServerMetrics.java;28;1;3;1;9;36;6;0;0;0.0;0;0.0;0;0;0;0;0;0;0;0.0;0;0.0;0.0;0;0;0;0;0;0.0;0.0;0.0;0;0.0;0;0
src\main\java\io\vertx\core\spi\metrics\Metrics.java;7;1;0;5;2;0;10;0;0;0.0;0;0.0;0;0;0;0;0;0;0;0.0;0;0.0;0.0;0;0;0;0;0;0.0;0.0;0.0;0;0.0;0;0
src\main\java\io\vertx\core\spi\metrics\MetricsProvider.java;5;1;1;11;1;0;3;0;0;0.0;0;0.0;0;0;0;0;0;0;0;0.0;0;0.0;0.0;0;0;0;0;0;0.0;0.0;0.0;0;0.0;0;0
src\main\java\io\vertx\core\spi\metrics\NetworkMetrics.java;10;1;1;2;3;3;2;0;0;0.0;0;0.0;0;0;0;0;0;0;0;0.0;0;0.0;0.0;0;0;0;0;0;0.0;0.0;0.0;0;0.0;0;0
src\main\java\io\vertx\core\spi\metrics\PoolMetrics.java;13;1;1;1;4;6;2;0;0;0.0;0;0.0;0;0;0;0;0;0;0;0.0;0;0.0;0.0;0;0;0;0;0;0.0;0.0;0.0;0;0.0;0;0
src\main\java\io\vertx\core\spi\metrics\TCPMetrics.java;9;1;2;3;2;1;3;0;0;0.0;0;0.0;0;0;0;0;0;0;0;0.0;0;0.0;0.0;0;0;0;0;0;0.0;0.0;0.0;0;0.0;0;0
src\main\java\io\vertx\core\spi\metrics\VertxMetrics.java;38;1;1;1;9;36;6;0;0;0.0;0;0.0;0;0;0;0;0;0;0;0.0;0;0.0;0.0;0;0;0;0;0;0.0;0.0;0.0;0;0.0;0;0
src\main\java\io\vertx\core\spi\observability\HttpRequest.java;12;1;0;4;6;15;2;0;0;0.0;0;0.0;0;0;0;0;0;0;0;0.0;0;0.0;0.0;0;0;0;0;0;0.0;0.0;0.0;0;0.0;0;0
src\main\java\io\vertx\core\spi\observability\HttpResponse.java;6;1;0;3;2;1;0;0;0;0.0;0;0.0;0;0;0;0;0;0;0;0.0;0;0.0;0.0;0;0;0;0;0;0.0;0.0;0.0;0;0.0;0;0
src\main\java\io\vertx\core\spi\tls\DefaultJDKCipherSuite.java;24;3;1;0;7;0;1;0;0;0.0;0;0.0;0;0;0;0;0;0;0;0.0;0;-1.0;0.0;0;0;0;0;0;0.0;0.0;0.0;0;0.0;0;0
src\main\java\io\vertx\core\spi\tls\DefaultSslContextFactory.java;133;20;1;0;12;36;1;0;0;0.0;0;0.0;0;0;0;0;0;0;0;0.0;0;-1.0;0.0;0;2;0;2;2;0.0;0.2222222222222222;0.2222222222222222;7;0.7777777777777778;0;0
src\main\java\io\vertx\core\spi\tls\SslContextFactory.java;35;1;0;1;9;36;1;0;0;0.0;0;0.0;0;0;0;0;0;0;0;0.0;0;0.0;0.0;0;0;0;0;0;0.0;0.0;0.0;0;0.0;0;0
src\main\java\io\vertx\core\spi\tracing\Extractors.java;5;1;1;0;0;0;1;0;0;0.0;0;0.0;0;0;0;0;0;0;0;0.0;0;0.0;0.0;0;0;0;0;0;0.0;0.0;0.0;0;0.0;0;0
src\main\java\io\vertx\core\spi\tracing\SpanKind.java;5;1;1;0;0;0;0;0;0;0.0;0;0.0;0;0;0;0;0;0;0;0.0;0;0.0;0.0;0;0;0;0;0;0.0;0.0;0.0;0;0.0;0;0
src\main\java\io\vertx\core\spi\tracing\TagExtractor.java;36;3;0;1;9;21;6;0;0;0.0;0;0.0;0;0;0;0;0;0;0;0.0;0;-0.3333333333333333;0.3333333333333333;0;0;0;0;0;0.0;0.0;0.0;0;0.0;0;0
src\main\java\io\vertx\core\spi\tracing\VertxTracer.java;41;1;0;0;5;10;10;0;0;0.0;0;0.0;0;0;0;0;0;0;0;0.0;0;1.0;1.0;0;0;0;0;0;0.0;0.0;0.0;0;0.0;0;0
src\main\java\io\vertx\core\spi\transport\Transport.java;133;23;0;3;37;91;18;0;0;0.0;0;0.0;0;0;0;0;0;0;0;0.0;0;1.0;1.0;0;2;0;0;0;0.0;0.0;0.0;0;0.0;0;0
src\main\java\io\vertx\core\spi\Utils.java;17;2;1;0;7;0;3;0;0;0.0;0;0.0;0;0;0;0;0;0;0;0.0;0;1.0;1.0;0;0;0;0;0;0.0;0.0;0.0;0;0.0;0;0
src\main\java\io\vertx\core\spi\VerticleFactory.java;27;3;0;1;9;15;2;0;0;0.0;0;0.0;0;0;0;0;0;0;0;0.0;0;0.0;0.0;0;0;0;0;0;0.0;0.0;0.0;0;0.0;0;0
src\main\java\io\vertx\core\spi\VertxMetricsFactory.java;25;2;1;0;9;10;2;0;0;0.0;0;0.0;0;0;0;0;0;0;0;0.0;0;1.0;1.0;0;0;0;0;0;0.0;0.0;0.0;0;0.0;0;0
src\main\java\io\vertx\core\spi\VertxServiceProvider.java;7;1;0;7;1;0;1;0;0;0.0;0;0.0;0;0;0;0;0;0;0;0.0;0;0.0;0.0;0;0;0;0;0;0.0;0.0;0.0;0;0.0;0;0
src\main\java\io\vertx\core\spi\VertxThreadFactory.java;17;2;1;0;4;1;2;0;0;0.0;0;0.0;0;0;0;0;0;0;0;0.0;0;1.0;1.0;0;0;0;0;0;0.0;0.0;0.0;0;0.0;0;0
src\main\java\io\vertx\core\spi\VertxTracerFactory.java;25;3;1;0;8;6;3;1;1;1.0;1;0.04;1;0;0;0;0;0;0;0.0;0;0.0;0.5;0;0;0;0;0;0.0;0.0;0.0;0;0.0;0;1
src\main\java\io\vertx\core\streams\impl\InboundBuffer.java;248;38;1;0;30;102;7;1;1;1.0;1;0.004032258064516129;1;0;0;0;0;0;0;0.0;0;-0.6444444444444445;0.17777777777777778;0;1;10;16;16;0.47619047619047616;0.7619047619047619;0.7619047619047619;8;0.7272727272727273;0;1
src\main\java\io\vertx\core\streams\impl\InboundReadQueue.java;192;25;1;2;36;41;2;0;0;0.0;0;0.0;0;0;0;0;0;0;0;0.0;0;-0.42857142857142855;0.2857142857142857;0;0;6;7;7;0.23076923076923078;0.2692307692307692;0.2692307692307692;4;0.25;0;0
src\main\java\io\vertx\core\streams\impl\OutboundWriteQueue.java;143;28;1;0;23;19;2;0;0;0.0;0;0.0;0;0;0;0;0;0;0;0.0;0;-1.0;0.0;0;0;5;5;5;0.45454545454545453;0.45454545454545453;0.45454545454545453;3;0.23076923076923078;0;0
src\main\java\io\vertx\core\streams\impl\PipeImpl.java;126;14;1;0;30;0;5;4;33;8.25;24;0.2619047619047619;10;0;0;0;0;0;0;0.0;0;-1.0;0.0;0;1;4;7;7;0.5;0.875;0.875;3;0.6;2;1
src\main\java\io\vertx\core\streams\package-info.java;1;1;1;0;0;0;0;0;0;0.0;0;0.0;0;0;0;0;0;0;0;0.0;0;0.0;0.0;0;0;0;0;0;0.0;0.0;0.0;0;0.0;0;0
src\main\java\io\vertx\core\streams\Pipe.java;18;1;0;1;5;10;4;0;0;0.0;0;0.0;0;0;0;0;0;0;0;0.0;0;0.0;0.0;0;0;0;0;0;0.0;0.0;0.0;0;0.0;0;0
src\main\java\io\vertx\core\streams\ReadStream.java;45;1;1;11;19;36;13;2;5;2.5;4;0.1111111111111111;2;0;0;0;0;0;0;0.0;0;1.0;1.0;0;0;0;0;0;0.0;0.0;0.0;0;0.0;0;1
src\main\java\io\vertx\core\streams\StreamBase.java;10;1;0;2;1;0;0;0;0;0.0;0;0.0;0;0;0;0;0;0;0;0.0;0;1.0;1.0;0;0;0;0;0;0.0;0.0;0.0;0;0.0;0;0
src\main\java\io\vertx\core\streams\WriteStream.java;23;1;1;7;8;21;15;1;1;1.0;1;0.043478260869565216;1;0;0;0;0;0;0;0.0;0;1.0;1.0;0;0;0;0;0;0.0;0.0;0.0;0;0.0;0;1
src\main\java\io\vertx\core\ThreadingModel.java;6;1;1;0;0;0;0;0;0;0.0;0;0.0;0;0;0;0;0;0;0;0.0;0;0.0;0.0;0;0;0;0;0;0.0;0.0;0.0;0;0.0;0;0
src\main\java\io\vertx\core\Timer.java;6;1;2;1;1;0;0;0;0;0.0;0;0.0;0;0;0;0;0;0;0;0.0;0;0.0;0.0;0;0;0;0;0;0.0;0.0;0.0;0;0.0;0;0
src\main\java\io\vertx\core\tracing\TracingOptions.java;35;3;1;0;4;1;2;0;0;0.0;0;0.0;0;0;0;0;0;0;0;0.0;0;-0.5;0.25;0;0;0;2;2;0.0;0.6666666666666666;0.6666666666666666;1;1.0;0;0
src\main\java\io\vertx\core\tracing\TracingPolicy.java;8;1;1;0;0;0;1;0;0;0.0;0;0.0;0;0;0;0;0;0;0;0.0;0;0.0;0.0;0;0;0;0;0;0.0;0.0;0.0;0;0.0;0;0
src\main\java\io\vertx\core\Verticle.java;7;1;0;1;4;6;1;0;0;0.0;0;0.0;0;0;0;0;0;0;0;0.0;0;0.0;0.0;0;0;0;0;0;0.0;0.0;0.0;0;0.0;0;0
src\main\java\io\vertx\core\Vertx.java;186;3;1;1;71;1596;43;0;0;0.0;0;0.0;0;0;0;0;0;0;0;0.0;0;0.4666666666666667;0.7333333333333333;0;0;0;0;0;0.0;0.0;0.0;0;0.0;0;0
src\main\java\io\vertx\core\VertxBuilder.java;24;1;0;0;6;15;1;0;0;0.0;0;0.0;0;0;0;0;0;0;0;0.0;0;1.0;1.0;0;0;0;0;0;0.0;0.0;0.0;0;0.0;0;0
src\main\java\io\vertx\core\VertxException.java;21;1;4;8;0;0;0;0;0;0.0;0;0.0;0;0;0;0;0;0;0;0.0;0;0.0;0.0;0;0;0;0;0;0.0;0.0;0.0;0;0.0;0;0
src\main\java\io\vertx\core\VertxOptions.java;298;13;1;0;54;991;11;0;0;0.0;0;0.0;0;0;0;0;0;0;0;0.0;0;-0.8723404255319149;0.06382978723404255;0;0;0;23;23;0.0;0.5;0.5;22;0.5641025641025641;0;0
src\main\java\io\vertx\core\WorkerExecutor.java;16;1;1;1;3;3;1;0;0;0.0;0;0.0;0;0;0;0;0;0;0;0.0;0;1.0;1.0;0;0;0;0;0;0.0;0.0;0.0;0;0.0;0;0
